학교명,학교 영문명,본분교구분명,대학구분명,학교구분명,설립형태구분명,시도코드,시도명,소재지도로명주소,소재지지번주소,도로명우편번호,소재지우편번호,홈페이지주소,대표전화번호,대표팩스번호,설립일자,기준연도,데이터기준일자,제공기관코드,제공기관명
한림성심대학교,Hallym Polytechnic University,본교,전문대학,전문대학,사립,51,강원특별자치도,강원특별자치도 춘천시 동면 장학길 48,,24210,,www.hsc.ac.kr,033-240-9000,033-252-9462,14336,2024,45665,B340014,한국대학교육협의회
한양여자대학교,Hanyang Women’s University,본교,전문대학,전문대학,사립,11,서울특별시,"서울특별시 성동구 살곶이길 200 (사근동, 한양여자대학)",,04763,,www.hywoman.ac.kr,02-2290-2114,02-2290-6111,27383,2024,45665,B340014,한국대학교육협의회
한영대학교,Hanyeong University,본교,전문대학,전문대학,사립,46,전라남도,"전라남도 여수시 장군산길 18-43 (여서동, 한영대학)",,59720,,www.hanyeong.ac.kr,061-650-4109,061-650-4020,33949,2024,45665,B340014,한국대학교육협의회
혜전대학교,Hyejeon College,본교,전문대학,전문대학,사립,44,충청남도,충청남도 홍성군 홍성읍 대학1길 19,,32244,,www.hj.ac.kr,041-630-2455,041-634-6425,29930,2024,45665,B340014,한국대학교육협의회
호산대학교,Hosan University,본교,전문대학,전문대학,사립,47,경상북도,"경상북도 경산시 하양읍 대경로105길 19 (부호리, 호산대학교)",,38428,,www.hosan.ac.kr,053-850-8000,053-853-9715,33672,2024,45665,B340014,한국대학교육협의회
한국농수산대학교,Korea National University Of Agriculture And Fisheries,본교,전문대학,전문대학,특별법국,52,전북특별자치도,전북특별자치도 전주시 덕진구 콩쥐팥쥐로 1515(중동),,54874,,www.af.ac.kr,063-238-9114,063-238-9719,35509,2024,45665,B340014,한국대학교육협의회
한국복지대학교,Korea National University Of Welfare,본교,전문대학,전문대학,국립,41,경기도,"경기도 평택시 삼남로 283 (장안동, 한국복지대학교)",,17738,,www.knuw.ac.kr,031-610-4600,031-610-4604,37364,2024,45665,B340014,한국대학교육협의회
한국승강기대학교,Korea Lift College,본교,전문대학,전문대학,사립,48,경상남도,"경상남도 거창군 거창읍 운정1길 120 (송정리, 한국승강기대학)",,50141,,www.klc.ac.kr,055-949-2220,055-949-2222,40238,2024,45665,B340014,한국대학교육협의회
한국영상대학교,Korea University Of Media Arts,본교,전문대학,전문대학,사립,36,세종특별자치시,"세종특별자치시 장군면 대학길 300 (금암리, 한국영상대학)",,30056,,www.pro.ac.kr,044-850-9000,044-850-9008,33949,2024,45665,B340014,한국대학교육협의회
장안대학교,Jangan College,본교,전문대학,전문대학,사립,41,경기도,"경기도 화성시 봉담읍 삼천병마로 1182 (상리, 장안대학)",,18331,,www.jangan.ac.kr,031-299-3000,031-227-1953,28924,2024,45665,B340014,한국대학교육협의회
재능대학교,JEI University,본교,전문대학,전문대학,사립,28,인천광역시,"인천광역시 동구 재능로 178 (송림동, 재능대학)",,22573,,www.jeiu.ac.kr,032-890-7000,032-890-7065,25918,2024,45665,B340014,한국대학교육협의회
적십자간호대학,Red Cross College Of Nursing,본교,전문대학,전문대학,사립,11,서울특별시,"서울특별시 동작구 흑석로 84 (흑석동, 중앙대학교)",,06974,,redcross.cau.ac.kr,02-3700-3632,02-3700-3400,16725,2024,45665,B340014,한국대학교육협의회
전남과학대학교,Chunnam Techno University,본교,전문대학,전문대학,사립,46,전라남도,전라남도 곡성군 옥과면 대학로 113 (옥과리),,57500,,www.cntu.ac.kr,061-360-5000,061-363-5020,33226,2024,45665,B340014,한국대학교육협의회
전남도립대학교,Jeonnam State University,본교,전문대학,전문대학,공립,46,전라남도,"전라남도 담양군 담양읍 죽녹원로 152 (향교리, 전남도립대학)",,57337,,www.dorip.ac.kr,061-380-8419,061-381-9100,35867,2024,45665,B340014,한국대학교육협의회
전북과학대학교,Jeonbuk Science College,본교,전문대학,전문대학,사립,52,전북특별자치도,"전북특별자치도 정읍시 정읍사로 509 (시기동, 전북과학대학)",,56204,,www.jbsc.ac.kr,063-530-9114,063-532-3768,34655,2024,45665,B340014,한국대학교육협의회
전주기전대학,Jeonju Kijeon College,본교,전문대학,전문대학,사립,52,전북특별자치도,"전북특별자치도 전주시 완산구 전주천서로 267 (중화산동1가, 전주기전대학)",,54989,,www.kijeon.ac.kr,063-280-5208,063-231-6415,27109,2024,45665,B340014,한국대학교육협의회
전주비전대학교,Vision College Of Jeonju,본교,전문대학,전문대학,사립,52,전북특별자치도,"전북특별자치도 전주시 완산구 천잠로 235 (효자동2가, 전주비전대학)",,55069,,www.jvision.ac.kr,063-220-4114,063-220-3629,27783,2024,45665,B340014,한국대학교육협의회
제주관광대학교,Jeju Tourism University,본교,전문대학,전문대학,사립,50,제주특별자치도,"제주특별자치도 제주시 애월읍 평화로 2715 (광령리, 제주관광대학)",,63063,,www.jtu.ac.kr,064-740-8700,064-748-2829,33949,2024,45665,B340014,한국대학교육협의회
제주산업정보대학,Jeju College Of Technology,본교,전문대학,전문대학,사립,50,제주특별자치도,"제주특별자치도 제주시 516로 2870 (영평동, 제주산업정보대학)",,63309,,www.jeju.ac.kr,064-754-0215,064-702-8330,26647,2024,45665,B340014,한국대학교육협의회
제주한라대학교,Cheju Halla University,본교,전문대학,전문대학,사립,50,제주특별자치도,"제주특별자치도 제주시 한라대학로 38 (노형동, 제주한라대학)",,63092,,www.chu.ac.kr,064-741-7575,064-747-3989,25292,2024,45665,B340014,한국대학교육협의회
조선간호대학교,Chosun Nursing College,본교,전문대학,전문대학,사립,29,광주광역시,광주광역시 동구 조선대2길 70(서석동),,61453,,www.cnc.ac.kr,062-231-7000,062-231-7019,26290,2024,45665,B340014,한국대학교육협의회
조선이공대학교,Chosun College Of Science & Technoloy,본교,전문대학,전문대학,사립,29,광주광역시,광주광역시 동구 조선이공대길 11(서석동),,61453,,www.cst.ac.kr,062-230-8114,062-230-8099,23039,2024,45665,B340014,한국대학교육협의회
진주보건대학교,Jinju Health College,본교,전문대학,전문대학,사립,48,경상남도,"경상남도 진주시 의병로 51 (상봉동, 진주보건대학)",,52655,,www.jhc.ac.kr,055-740-1700,055-743-3010,26290,2024,45665,B340014,한국대학교육협의회
창신대학,Changshin College,본교,전문대학,전문대학,사립,48,경상남도,"경상남도 창원시 마산회원구 팔용로 262 (합성동, 창신대학)",,51352,,www.csc.ac.kr,055-250-3004,055-250-3190,33304,2024,45665,B340014,한국대학교육협의회
창원문성대학교,Changwon Moonsung University,본교,전문대학,전문대학,사립,48,경상남도,경상남도 창원시 성산구 충혼로 91(두대동),,51410,,www.cmu.ac.kr,055-279-5114,055-279-5086,28852,2024,45665,B340014,한국대학교육협의회
청강문화산업대학교,Chungkang College Of Cultural Industries,본교,전문대학,전문대학,사립,41,경기도,"경기도 이천시 마장면 청강가창로 389-94 (해월리, 청강문화산업대학)",,17390,,www.ck.ac.kr,031-637-1114,031-639-5727,35132,2024,45665,B340014,한국대학교육협의회
청암대학교,Cheongam College,본교,전문대학,전문대학,사립,46,전라남도,"전라남도 순천시 녹색로 1641 (덕월동, 순천청암대학)",,57997,,ca.ac.kr,061-740-7100,061-743-6414,19815,2024,45665,B340014,한국대학교육협의회
춘해보건대학교,Choonhae College Of Health Sciences,본교,전문대학,전문대학,사립,31,울산광역시,"울산광역시 울주군 웅촌면 대학길 9 (곡천리, 춘해보건대학)",,44965,,www.ch.ac.kr,052-270-0100,052-225-9889,24913,2024,45665,B340014,한국대학교육협의회
충남도립대학교,Chungnam State University,본교,전문대학,전문대학,공립,44,충청남도,"충청남도 청양군 청양읍 학사길 55 (벽천리, 충남도립대학교)",,33303,,www.cnsu.ac.kr,041-635-6600,041-635-7950,35873,2024,45665,B340014,한국대학교육협의회
충북도립대학교,Chungbuk Provincial University,본교,전문대학,전문대학,공립,43,충청북도,충청북도 옥천군 옥천읍 대학길 15 (문정리),,29046,,www.cpu.ac.kr,043-220-5313,043-220-5319,35860,2024,45665,B340014,한국대학교육협의회
충북보건과학대학교,Chungbuk Health And Science University,본교,전문대학,전문대학,사립,43,충청북도,"충청북도 청주시 청원구 내수읍 덕암길 10 (덕암리, 충북보건과학대학교)",,28150,,www.chsu.ac.kr,043-210-8133,043-210-8305,33675,2024,45665,B340014,한국대학교육협의회
충청대학교,Chungcheong University,본교,전문대학,전문대학,사립,43,충청북도,"충청북도 청주시 흥덕구 강내면 월곡길 38 (월곡리, 충청대학)",,28171,,www.ok.ac.kr,043-230-2114,043-230-2115,30295,2024,45665,B340014,한국대학교육협의회
포항대학교,Pohang University,본교,전문대학,전문대학,사립,47,경상북도,경상북도 포항시 북구 흥해읍 포항대학로 7,,37555,,www.pohang.ac.kr,054-251-8000,054-252-5005,19178,2024,45665,B340014,한국대학교육협의회
한국골프과학기술대학교,Korea Golf University of Science & Technology,본교,전문대학,전문대학,사립,51,강원특별자치도,강원특별자치도 횡성군 우천면 하대5길 109,,25247,,www.kg.ac.kr,033-810-1041,033-810-1001,40603,2024,45665,B340014,한국대학교육협의회
한국관광대학교,Korea Tourism College,본교,전문대학,전문대학,사립,41,경기도,"경기도 이천시 신둔면 이장로311번길 197-73 (고척리, 한국관광대학)",,17306,,www.ktc.ac.kr,031-644-1000,031-644-1122,36913,2024,45665,B340014,한국대학교육협의회
순천제일대학교,Suncheon Jeil College,본교,전문대학,전문대학,사립,46,전라남도,"전라남도 순천시 제일대학길 17 (덕월동, 순천제일대학)",,57997,,www.suncheon.ac.kr,061-740-1234,061-743-5106,28915,2024,45665,B340014,한국대학교육협의회
숭의여자대학교,Soongeui Women’s University,본교,전문대학,전문대학,사립,11,서울특별시,"서울특별시 중구 소파로2길 10 (예장동, 숭의여자대학)",,04628,,www.sewu.ac.kr,02-3708-9052,02-773-2625,1400,2024,45665,B340014,한국대학교육협의회
신구대학교,Shingu College,본교,전문대학,전문대학,사립,41,경기도,"경기도 성남시 중원구 광명로 377 (금광동, 신구대학)",,13174,,www.shingu.ac.kr,031-740-1114,031-734-0905,27017,2024,45665,B340014,한국대학교육협의회
신성대학교,Shinsung University,본교,전문대학,전문대학,사립,44,충청남도,"충청남도 당진시 정미면 대학로 1 (덕마리, 신성대학교)",,31801,,www.shinsung.ac.kr,041-350-1114,041-350-1075,34759,2024,45665,B340014,한국대학교육협의회
신안산대학교,Shin Ansan University,본교,전문대학,전문대학,사립,41,경기도,"경기도 안산시 단원구 신안산대학로 135 (초지동, 신안산대학교)",,15435,,www.sau.ac.kr,031-490-6000,031-495-7828,34454,2024,45665,B340014,한국대학교육협의회
신흥대학교,Shinheungcollege,본교,전문대학,전문대학,사립,41,경기도,"경기도 의정부시 호암로 95 (호원동, 신한대학교)",,11644,,www.shc.ac.kr,031-870-3324,031-870-3329,26290,2024,45665,B340014,한국대학교육협의회
아주자동차대학교,Ajou Motor College,본교,전문대학,전문대학,사립,44,충청남도,충청남도 보령시 주포면 대학길 106,,33415,,www.motor.ac.kr,041-939-3008,041-939-3457,34655,2024,45665,B340014,한국대학교육협의회
안동과학대학교,Andong Science College,본교,전문대학,전문대학,사립,47,경상북도,"경상북도 안동시 서후면 서선길 189 (교리, 안동과학대학교)",,36616,,www.asc.ac.kr,054-851-3500,054-852-9907,30376,2024,45665,B340014,한국대학교육협의회
안산대학교,Ansan University,본교,전문대학,전문대학,사립,41,경기도,"경기도 안산시 상록구 안산대학로 155 (일동, 안산대학교)",,15328,,www.ansan.ac.kr,031-400-6900,031-419-8390,26724,2024,45665,B340014,한국대학교육협의회
여주대학교,Yeoju Institute Of Technology,본교,전문대학,전문대학,사립,41,경기도,"경기도 여주시 세종로 338 (교동, 여주대학교)",,12652,,www.yit.ac.kr,031-880-5000,031-883-5113,34029,2024,45665,B340014,한국대학교육협의회
연성대학교,Yeonsung University,본교,전문대학,전문대학,사립,41,경기도,"경기도 안양시 만안구 양화로37번길 34 (안양동, 연성대학교)",,14011,,www.yeonsung.ac.kr,031-441-2168,031-441-2170,28189,2024,45665,B340014,한국대학교육협의회
연암공과대학교,Yonam Institute Of Technology,본교,전문대학,전문대학,사립,48,경상남도,"경상남도 진주시 진주대로 629번길 35(가좌동, 연암공과대학교)",,52821,,www.yc.ac.kr,055-751-2000,055-751-2096,30811,2024,45665,B340014,한국대학교육협의회
연암대학교,Yonam College,본교,전문대학,전문대학,사립,44,충청남도,"충청남도 천안시 서북구 성환읍 연암로 313 (수향리, 천안연암대학)",,31005,,www.yonam.ac.kr,041-580-1114,041-581-0401,28144,2024,45665,B340014,한국대학교육협의회
영남외국어대학,Youngnam Foreign Language College,본교,전문대학,전문대학,사립,47,경상북도,"경상북도 경산시 남천면 남천로 780-9 (협석리, 영남외국어대학)",,38695,,www.yflc.ac.kr,053-810-0100,053-810-0199,34759,2024,45665,B340014,한국대학교육협의회
영남이공대학교,Yeungnam University College,본교,전문대학,전문대학,사립,27,대구광역시,"대구광역시 남구 현충로 170 (대명동, 영남이공대학)",,42415,,www.ync.ac.kr,053-650-9114,053-624-7871,24883,2024,45665,B340014,한국대학교육협의회
영진전문대학교,Yeungjin University,본교,전문대학,전문대학,사립,27,대구광역시,"대구광역시 북구 복현로 35 (복현동, 영진전문대학)",,41527,,www.yju.ac.kr,053-940-5132,053-939-1050,28196,2024,45665,B340014,한국대학교육협의회
오산대학교,Osan University,본교,전문대학,전문대학,사립,41,경기도,"경기도 오산시 청학로 45 (청학동, 오산대학)",,18119,,www.osan.ac.kr,031-370-2500,031-373-7388,28635,2024,45665,B340014,한국대학교육협의회
용인예술과학대학교,Yong-In Arts & Science University,본교,전문대학,전문대학,사립,41,경기도,"경기도 용인시 처인구 동부로 61 (마평동, 용인송담대학교)",,17145,,www.ysc.ac.kr,031-330-9000,031-336-9535,34655,2024,45665,B340014,한국대학교육협의회
우송정보대학,Woosong College,본교,전문대학,전문대학,사립,30,대전광역시,대전광역시 동구 백룡로 59(자양동 101-17) 우송정보대학,,34518,,www.wsi.ac.kr,042-629-6114,042-629-6653,23029,2024,45665,B340014,한국대학교육협의회
울산과학대학교,Ulsan College,본교,전문대학,전문대학,사립,31,울산광역시,"울산광역시 동구 봉수로 101 (화정동, 울산과학대학동부캠퍼스)",,44022,,www.uc.ac.kr,052-230-0500,052-234-9300,26647,2024,45665,B340014,한국대학교육협의회
웅지세무대학교,Woongji Accounting & Tax College,본교,전문대학,전문대학,사립,41,경기도,"경기도 파주시 탄현면 웅지로144번길 73 (금승리, 웅지세무대학)",,10846,,www.wat.ac.kr,031-940-3114,031-940-3199,38047,2024,45665,B340014,한국대학교육협의회
원광보건대학교,Wonkwang Health Science University,본교,전문대학,전문대학,사립,52,전북특별자치도,"전북특별자치도 익산시 익산대로 514 (신용동, 원광보건대학)",,54538,,www.wu.ac.kr,063-840-1114,063-840-1567,27783,2024,45665,B340014,한국대학교육협의회
유한대학교,Yuhan University,본교,전문대학,전문대학,사립,41,경기도,"경기도 부천시 소사구 경인로 590 (괴안동, 유한대학)",,14780,,www.yuhan.ac.kr,02-2610-0600,02-2614-6398,28567,2024,45665,B340014,한국대학교육협의회
인덕대학교,Induk University,본교,전문대학,전문대학,사립,11,서울특별시,"서울특별시 노원구 초안산로 12 (월계동, 인덕대학)",,01878,,www.induk.ac.kr,02-950-7000,02-906-5340,26290,2024,45665,B340014,한국대학교육협의회
인하공업전문대학,Inha Technical College,본교,전문대학,전문대학,사립,28,인천광역시,"인천광역시 미추홀구 인하로 100 (용현동, 인하대,인하공전,정석항공고)",,22212,,www.inhatc.ac.kr,032-870-2114,032-870-2489,21229,2024,45665,B340014,한국대학교육협의회
백석문화대학교,Baekseok Culture University,본교,전문대학,전문대학,사립,44,충청남도,충청남도 천안시 동남구 백석대학로 1 (안서동),,31065,,www.bscu.ac.kr,041-550-0700,041-550-9113,34394,2024,45665,B340014,한국대학교육협의회
백제예술대학교,Paekche Institute Of The Arts,본교,전문대학,전문대학,사립,52,전북특별자치도,"전북특별자치도 완주군 봉동읍 백제대학로 171 (제내리, 백제예술대학)",,55313,,www.paekche.ac.kr,063-260-9114,063-263-3607,33572,2024,45665,B340014,한국대학교육협의회
부산경상대학교,Busan Kyungsang College,본교,전문대학,전문대학,사립,26,부산광역시,"부산광역시 연제구 고분로 170 (연산동, 부산경상대학)",,47583,,www.bsks.ac.kr,051-850-1000,051-862-7577,29174,2024,45665,B340014,한국대학교육협의회
부산과학기술대학교,Busan Institute Of Science And Technology,본교,전문대학,전문대학,사립,26,부산광역시,"부산광역시 북구 시랑로132번길 88 (구포동, 부산과학기술대학교)",,46639,,bist.ac.kr,051-334-6666,051-330-7027,28125,2024,45665,B340014,한국대학교육협의회
부산보건대학교,Busan Health University,본교,전문대학,전문대학,사립,26,부산광역시,"부산광역시 사하구 사리로55번길 16 (괴정동, 동주대학)",,49318,,www.bhu.ac.kr/,051-200-3300,051-201-5420,28537,2024,45665,B340014,한국대학교육협의회
부산여자대학교,Busanwomenscollege,본교,전문대학,전문대학,사립,26,부산광역시,"부산광역시 부산진구 진남로 506 (양정동, 부산여자대학)",,47228,,www.bwc.ac.kr,051-852-0081,051-867-4705,28856,2024,45665,B340014,한국대학교육협의회
부산예술대학교,Busan Arts College,본교,전문대학,전문대학,사립,26,부산광역시,"부산광역시 남구 못골번영로71번길 74 (대연동, 부산예술대학)",,48429,,www.busanarts.ac.kr,051-628-3991,051-628-2719,36220,2024,45665,B340014,한국대학교육협의회
부천대학교,Bucheon University,본교,전문대학,전문대학,사립,41,경기도,"경기도 부천시 원미구 신흥로56번길 25 (심곡동, 부천대학)",,14632,,www.bc.ac.kr,032-610-0114,032-663-0114,28922,2024,45665,B340014,한국대학교육협의회
삼육보건대학교,Sahmyook Health University,본교,전문대학,전문대학,사립,11,서울특별시,"서울특별시 동대문구 망우로 82 (휘경동, 삼육보건대학)",,02500,,www.shu.ac.kr,02-2212-0082,02-2215-2380,13241,2024,45665,B340014,한국대학교육협의회
상지영서대학교,Sangji Youngseo College,본교,전문대학,전문대학,사립,51,강원특별자치도,강원특별자치도 원주시 상지대길 83 (우산동),,26339,,www.sy.ac.kr,033-744-4150,033-744-1333,26733,2024,45665,B340014,한국대학교육협의회
서라벌대학교,Sorabol University,본교,전문대학,전문대학,사립,47,경상북도,"경상북도 경주시 태종로 478-20 (충효동, 서라벌대학)",,38057,,home.sorabol.ac.kr/,054-770-3500,054-741-5429,29607,2024,45665,B340014,한국대학교육협의회
서영대학교,Seoyeong University,본교,전문대학,전문대학,사립,29,광주광역시,"광주광역시 북구 서강로 1 (운암동, 서영대학교)",,61268,,www.seoyeong.ac.kr,062-520-5114,062-523-4606,28915,2024,45665,B340014,한국대학교육협의회
서울여자간호대학교,Seoul Women’S College Of Nursing,본교,전문대학,전문대학,사립,11,서울특별시,"서울특별시 서대문구 간호대로 38 (홍제동, 서울여자간호대학교)",,03617,,www.snjc.ac.kr,02-2287-1771,02-395-8018,19872,2024,45665,B340014,한국대학교육협의회
서울예술대학교,Seoul Institute Of The Arts,본교,전문대학,전문대학,사립,41,경기도,"경기도 안산시 단원구 예술대학로 171 (고잔동, 서울예술대학)",,15263,,www.seoularts.ac.kr,031-412-7100,031-412-7149,22748,2024,45665,B340014,한국대학교육협의회
서일대학교,Seoil University,본교,전문대학,전문대학,사립,11,서울특별시,서울특별시 중랑구 용마산로90길 28 (면목동),,02192,,www.seoil.ac.kr,02-490-7300,02-490-7348,27384,2024,45665,B340014,한국대학교육협의회
서정대학교,Seojeong University,본교,전문대학,전문대학,사립,41,경기도,경기도 양주시 은현면 서정로 27,,11429,,www.seojeong.ac.kr,031-859-6900,031-859-6904,37579,2024,45665,B340014,한국대학교육협의회
서해대학,Sohae College,본교,전문대학,전문대학,사립,52,전북특별자치도,"전북특별자치도 군산시 서해대길 6 (오룡동, 서해대학)",,54116,,www.sohae.ac.kr,063-460-9126,063-460-9325,27109,2024,45665,B340014,한국대학교육협의회
선린대학교,Sunlin  University,본교,전문대학,전문대학,사립,47,경상북도,"경상북도 포항시 북구 흥해읍 초곡길36번길 30 (초곡리, 선린대학)",,37560,,www.sunlin.ac.kr,054-260-5000,054-261-9455,25282,2024,45665,B340014,한국대학교육협의회
성심외국어대학,Sungsim College Of Foreign Languages,본교,전문대학,전문대학,사립,26,부산광역시,"부산광역시 해운대구 반송순환로 142 (반송동, 영산대학교부산캠퍼스)",,48015,,www.sungsim.ac.kr,055-380-9094,055-380-9376,30295,2024,45665,B340014,한국대학교육협의회
성운대학교,SungWoon University,본교,전문대학,전문대학,사립,47,경상북도,"경상북도 영천시 신녕면 대학길 105 (화남리, 성덕대학교)",,38801,,www.sw.ac.kr,054-330-8800,054-330-8810,35425,2024,45665,B340014,한국대학교육협의회
세경대학교,Saekyung University,본교,전문대학,전문대학,사립,51,강원특별자치도,강원특별자치도 영월군 영월읍 하송로 197,,26239,,www.saekyung.ac.kr,033-371-3000,033-371-3029,34291,2024,45665,B340014,한국대학교육협의회
송곡대학교,Songgok University,본교,전문대학,전문대학,사립,51,강원특별자치도,강원특별자치도 춘천시 남산면 송곡대학길 34,,24465,,www.songgok.ac.kr,033-260-3600,033-261-4599,37579,2024,45665,B340014,한국대학교육협의회
송호대학교,Songho University,본교,전문대학,전문대학,사립,51,강원특별자치도,강원특별자치도 횡성군 횡성읍 남산로 210,,25242,,www.songho.ac.kr,033-340-1000,033-340-1006,36514,2024,45665,B340014,한국대학교육협의회
수성대학교,Suseong University,본교,전문대학,전문대학,사립,27,대구광역시,"대구광역시 수성구 달구벌대로528길 15 (만촌동, 수성대학교)",,42078,,www.sc.ac.kr,053-749-7000,053-751-1823,27017,2024,45665,B340014,한국대학교육협의회
수원과학대학교,Suwon Science College,본교,전문대학,전문대학,사립,41,경기도,"경기도 화성시 정남면 세자로 288 (보통리, 수원과학대학)",,18516,,www.ssc.ac.kr,031-350-2000,031-354-8988,28550,2024,45665,B340014,한국대학교육협의회
수원여자대학교,Suwon Women’S University,본교,전문대학,전문대학,사립,41,경기도,"경기도 수원시 권선구 온정로 72 (오목천동, 수원여자대학)",,16632,,www.swc.ac.kr,031-290-8042,031-290-8297,25263,2024,45665,B340014,한국대학교육협의회
대구과학대학교,Taegu Science University,본교,전문대학,전문대학,사립,27,대구광역시,"대구광역시 북구 영송로 47 (태전동, 대구과학대학)",,41453,,www.tsu.ac.kr,053-320-1114,053-320-1045,22045,2024,45665,B340014,한국대학교육협의회
대구미래대학교,Daegu Future College,본교,전문대학,전문대학,사립,47,경상북도,"경상북도 경산시 미래로 114 (평산동, 대구미래대학)",,38607,,www.dfc.ac.kr,053-810-9405,053-802-3162,29646,2024,45665,B340014,한국대학교육협의회
대구보건대학교,Daegu Health College,본교,전문대학,전문대학,사립,27,대구광역시,"대구광역시 북구 영송로 15 (태전동, 대구보건대학)",,41453,,www.dhc.ac.kr,053-320-1300,053-320-1239,26290,2024,45665,B340014,한국대학교육협의회
대덕대학교,Daeduk University,본교,전문대학,전문대학,사립,30,대전광역시,"대전광역시 유성구 가정북로 68 (장동, 대덕대학)",,34111,,www.ddu.ac.kr,042-866-0200,042-862-7343,29566,2024,45665,B340014,한국대학교육협의회
대동대학교,Daedong University,본교,전문대학,전문대학,사립,26,부산광역시,"부산광역시 금정구 동부곡로27번길 88 (부곡동, 대동대학교)",,46270,,www.daedong.ac.kr,051-518-5444,051-514-5847,25998,2024,45665,B340014,한국대학교육협의회
대림대학교,Daelim University College,본교,전문대학,전문대학,사립,41,경기도,"경기도 안양시 동안구 임곡로 29 (비산동, 대림대학교)",,13916,,www.daelim.ac.kr,031-467-4756,031-446-8729,28300,2024,45665,B340014,한국대학교육협의회
대원대학교,Daewon University College,본교,전문대학,전문대학,사립,43,충청북도,"충청북도 제천시 대학로 316 (신월동, 대원대학)",,27135,,www.daewon.ac.kr,043-645-9171,043-645-9170,34759,2024,45665,B340014,한국대학교육협의회
대전과학기술대학교,Daejeon Institute Of Science And Technology,본교,전문대학,전문대학,사립,30,대전광역시,"대전광역시 서구 혜천로 100 (복수동, 대전과학기술대학교)",,35408,,www.dst.ac.kr,042-580-6114,042-580-6159,14716,2024,45665,B340014,한국대학교육협의회
대전보건대학교,DAEJEON HEALTH UNIVERSITY,본교,전문대학,전문대학,사립,30,대전광역시,"대전광역시 동구 충정로 21 (가양동, 대전보건대학)",,34504,,www.hit.ac.kr,042-670-9000,042-670-9049,28462,2024,45665,B340014,한국대학교육협의회
동강대학교,Donggang University,본교,전문대학,전문대학,사립,29,광주광역시,"광주광역시 북구 동문대로 50 (풍향동, 동강대학)",,61200,,www.dkc.ac.kr,062-520-2212,062-520-2216,27783,2024,45665,B340014,한국대학교육협의회
동남보건대학교,Dongnam Health University,본교,전문대학,전문대학,사립,41,경기도,"경기도 수원시 장안구 천천로74번길 50 (정자동, 동남보건전문대학)",,16328,,www.dongnam.ac.kr,031-249-6333,031-249-6349,26955,2024,45665,B340014,한국대학교육협의회
동부산대학교,Dong-Pusan College,본교,전문대학,전문대학,사립,26,부산광역시,"부산광역시 해운대구 운봉길 60 (반송동, 동부산대학교)",,48000,,www.dpc.ac.kr,051-542-8891,051-540-3844,28852,2024,45665,B340014,한국대학교육협의회
동서울대학교,Dong Seoul University,본교,전문대학,전문대학,사립,41,경기도,"경기도 성남시 수정구 복정로 76 (복정동, 동서울대학)",,13117,,www.du.ac.kr,031-720-2114,031-721-1999,28564,2024,45665,B340014,한국대학교육협의회
동아방송예술대학교,Dong-Ah Institute Of Media And Arts,본교,전문대학,전문대학,사립,41,경기도,"경기도 안성시 삼죽면 동아예대길 47 (진촌리, 동아방송예술대학교)",,17516,,www.dima.ac.kr,031-670-6600,031-670-6879,35425,2024,45665,B340014,한국대학교육협의회
동아보건대학교,Donga University of Health,본교,전문대학,전문대학,사립,46,전라남도,"전라남도 영암군 학산면 영산로 76-57 (독천리, 동아보건대학교)",,58439,,www.duh.ac.kr,061-470-1700,061-470-1615,34404,2024,45665,B340014,한국대학교육협의회
동양미래대학교,Dongyang Mirae University,본교,전문대학,전문대학,사립,11,서울특별시,"서울특별시 구로구 경인로 445 (고척동, 동양미래대학)",,08221,,www.dongyang.ac.kr/,02-2610-1700,02-2688-5494,23853,2024,45665,B340014,한국대학교육협의회
동우대학,Dong-U College,본교,전문대학,전문대학,사립,51,강원특별자치도,"강원특별자치도 속초시 도리원길 5 (노학동, 동우대학)",,24865,,www.duc.ac.kr,033-632-6551,033-639-0518,29646,2024,45665,B340014,한국대학교육협의회
동원과학기술대학교,Dongwon Institute Of Science And Technology,본교,전문대학,전문대학,사립,48,경상남도,"경상남도 양산시 명곡로 321 (명곡동, 동원과학기술대학교)",,50578,,www.dist.ac.kr,055-370-8100,055-386-2000,33315,2024,45665,B340014,한국대학교육협의회
동원대학교,Tongwon University,본교,전문대학,전문대학,사립,41,경기도,"경기도 광주시 곤지암읍 경충대로 26 (신촌리, 동원대학)",,12813,,www.tw.ac.kr,1544-4114,031-763-9149,35060,2024,45665,B340014,한국대학교육협의회
동의과학대학교,Dong Eui Institute Of Technology,본교,전문대학,전문대학,사립,26,부산광역시,"부산광역시 부산진구 양지로 54 (양정동, 동의과학대학)",,47230,,www.dit.ac.kr,051-852-0011,051-860-3270,26647,2024,45665,B340014,한국대학교육협의회
두원공과대학교,Doowon Technical University,본교,전문대학,전문대학,사립,41,경기도,"경기도 안성시 죽산면 관음당길 51 (장원리, 두원공과대학교)",,17520,,www.doowon.ac.kr,031-8056-7000,031-8056-7100,34394,2024,45665,B340014,한국대학교육협의회
마산대학교,Masan University,본교,전문대학,전문대학,사립,48,경상남도,"경상남도 창원시 마산회원구 내서읍 함마대로 2640 (용담리, 마산대학)",,51217,,www.masan.ac.kr,055-230-1212,055-231-1177,20605,2024,45665,B340014,한국대학교육협의회
명지전문대학,Myongji College,본교,전문대학,전문대학,사립,11,서울특별시,"서울특별시 서대문구 가좌로 134 (홍은동, 명지전문대학)",,03656,,www.mjc.ac.kr,02-300-1000,02-304-4832,27097,2024,45665,B340014,한국대학교육협의회
목포과학대학교,Mokpo Science University,본교,전문대학,전문대학,사립,46,전라남도,"전라남도 목포시 영산로 413-1 (상동, 목포과학대학)",,58644,,www.msu.ac.kr,061-278-8651,061-279-8838,27829,2024,45665,B340014,한국대학교육협의회
문경대학교,Munkyung College,본교,전문대학,전문대학,사립,47,경상북도,경상북도 문경시 호계면 대학길 161 (별암리),,36930,,www.mkc.ac.kr,054-559-1114,054-559-1059,35060,2024,45665,B340014,한국대학교육협의회
배화여자대학교,Baewha Women’S University,본교,전문대학,전문대학,사립,11,서울특별시,"서울특별시 종로구 필운대로1길 34 (필운동, 배화여자대학)",,03039,,www.baewha.ac.kr,02-399-0700,02-737-8431,28551,2024,45665,B340014,한국대학교육협의회
경남도립거창대학,University Of Gyeongnam Geochang,본교,전문대학,전문대학,공립,48,경상남도,"경상남도 거창군 거창읍 거창대학로 72 (대평리, 경남도립거창대학)",,50147,,www.gc.ac.kr,055-254-2800,055-254-2718,35125,2024,45665,B340014,한국대학교육협의회
경남도립남해대학,University Of Gyeongnam Namhae,본교,전문대학,전문대학,공립,48,경상남도,"경상남도 남해군 남해읍 화전로78번길 30 (남변리, 경남도립남해대학)",,52422,,univ.namhae.ac.kr,055-254-2400,055-254-2419,35131,2024,45665,B340014,한국대학교육협의회
경남정보대학교,Kyungnam College Of Information And Technology,본교,전문대학,전문대학,사립,26,부산광역시,"부산광역시 사상구 주례로 45 (주례동, 경남정보대학교)",,47011,,www.kit.ac.kr,051-324-5555,051-324-1858,25993,2024,45665,B340014,한국대학교육협의회
경민대학교,Kyungmin University,본교,전문대학,전문대학,사립,41,경기도,"경기도 의정부시 서부로 545 (가능동, 경민대학)",,11618,,www.kyungmin.ac.kr,031-828-7005,031-828-7006,33665,2024,45665,B340014,한국대학교육협의회
경복대학교,Kyungbok University,본교,전문대학,전문대학,사립,41,경기도,"경기도 남양주시 진접읍 경복대로 425 (금곡리, 경복대학교)",,12051,,www.kbu.ac.kr,031-570-9901,031-570-9929,33572,2024,45665,B340014,한국대학교육협의회
경북과학대학교,Kyongbuk Science College,본교,전문대학,전문대학,사립,47,경상북도,"경상북도 칠곡군 기산면 지산로 634 (봉산리, 경북과학대학교)",,39913,,www.kbsc.ac.kr,054-979-9001,054-979-9130,34043,2024,45665,B340014,한국대학교육협의회
경북도립대학교,Gyeongbuk Provincial College,본교,전문대학,전문대학,공립,47,경상북도,"경상북도 예천군 예천읍 도립대학길 114 (청복리, 경북도립대학교)",,36830,,www.gpc.ac.kr,054-650-0128,054-650-0129,35425,2024,45665,B340014,한국대학교육협의회
경북보건대학교,Gyeongbuk College Of Health,본교,전문대학,전문대학,사립,47,경상북도,"경상북도 김천시 대학로 168 (삼락동, 경북보건대학교)",,39525,,www.gch.ac.kr,054-420-9200,054-430-4477,35916,2024,45665,B340014,한국대학교육협의회
경북전문대학교,Kyungbuk College,본교,전문대학,전문대학,사립,47,경상북도,"경상북도 영주시 대학로 77 (휴천동, 경북전문대학교)",,36133,,www.kbc.ac.kr,054-630-5114,054-632-0754,26359,2024,45665,B340014,한국대학교육협의회
경인여자대학교,Kyung-In Women’S University,본교,전문대학,전문대학,사립,28,인천광역시,"인천광역시 계양구 계양산로 63 (계산동, 경인여자대학)",,21041,,www.kiwu.ac.kr,032-540-0114,032-545-2095,33572,2024,45665,B340014,한국대학교육협의회
계명문화대학교,Keimyung College University,본교,전문대학,전문대학,사립,27,대구광역시,"대구광역시 달서구 달서대로 675 (신당동, 계명문화대학교)",,42601,,www.kmcu.ac.kr,053-589-7744,053-589-7400,22704,2024,45665,B340014,한국대학교육협의회
계원예술대학교,Kaywon University Of Art &  Design,본교,전문대학,전문대학,사립,41,경기도,"경기도 의왕시 계원대학로 66 (내손동, 계원예술대학교)",,16038,,www.kaywon.ac.kr,031-420-1700,031-420-1729,34029,2024,45665,B340014,한국대학교육협의회
광양보건대학교,Gwangyang Health Sciences University,본교,전문대학,전문대학,사립,46,전라남도,"전라남도 광양시 광양읍 대학로 85 (덕례리, 광양보건대학)",,57764,,www.gy.ac.kr,061-760-1411,061-763-9009,34408,2024,45665,B340014,한국대학교육협의회
광주보건대학교,Gwangju Health University,본교,전문대학,전문대학,사립,29,광주광역시,"광주광역시 광산구 북문대로419번길 73 (신창동, 광주보건대학)",,62287,,www.ghu.ac.kr,062-958-7500,062-953-4946,26290,2024,45665,B340014,한국대학교육협의회
구미대학교,Gumi University,본교,전문대학,전문대학,사립,47,경상북도,"경상북도 구미시 야은로 37 (부곡동, 구미대학교)",,39213,,www.gumi.ac.kr,054-440-1114,054-442-8953,33572,2024,45665,B340014,한국대학교육협의회
구세군사관학교,Salvationarmyofficertrainingcollegekoreaterritory,본교,전문대학,각종학교(전문),사립,41,경기도,"경기도 과천시 관악산길 216 (중앙동, 구세군사관대학원대학교)",,13800,,www.saotc.ac.kr,02-502-9505,02-502-9507,31443,2024,45665,B340014,한국대학교육협의회
국제대학교,Kookje University,본교,전문대학,전문대학,사립,41,경기도,"경기도 평택시 장안웃길 56 (장안동, 국제대학교)",,17731,,www.kookje.ac.kr,031-610-8000,031-668-4900,35490,2024,45665,B340014,한국대학교육협의회
군산간호대학교,Kunsan College Of Nursing,본교,전문대학,전문대학,사립,52,전북특별자치도,"전북특별자치도 군산시 동개정길 7 (개정동, 군산간호대학교)",,54068,,www.kcn.ac.kr,063-450-3803,063-450-3809,18810,2024,45665,B340014,한국대학교육협의회
군장대학교,Kunjang University College,본교,전문대학,전문대학,사립,52,전북특별자치도,"전북특별자치도 군산시 성산면 군장대길 13 (도암리, 군장대학)",,54045,,www.kunjang.ac.kr,063-450-8114,063-450-8116,34402,2024,45665,B340014,한국대학교육협의회
기독간호대학교,Christian College Of Nursing,본교,전문대학,전문대학,사립,29,광주광역시,"광주광역시 남구 백서로70번길 6 (양림동, 기독간호대학)",,61662,,ccn.ac.kr,062-650-8021,062-675-5806,24552,2024,45665,B340014,한국대학교육협의회
김포대학교,Kimpo University,본교,전문대학,전문대학,사립,41,경기도,경기도 김포시 모담공원로 10 (운양동),,10078,,ukp.ac.kr,031-999-4042,031-999-4038,35125,2024,45665,B340014,한국대학교육협의회
김해대학교,Gimhae University,본교,전문대학,전문대학,사립,48,경상남도,"경상남도 김해시 삼안로112번길 198 (삼방동, 김해대학교)",,50811,,www.gimhae.ac.kr,055-320-1600,055-320-1666,38322,2024,45665,B340014,한국대학교육협의회
나주대학교,Naju College,본교,전문대학,전문대학,사립,46,전라남도,"전라남도 나주시 다시면 백호로 125 (복암리, 고구려대학)",,58280,,www.naju.ac.kr,061-330-7400,061-335-7128,34724,2024,45665,B340014,한국대학교육협의회
농협대학교,Agricultural Cooperative University,본교,전문대학,전문대학,사립,41,경기도,"경기도 고양시 덕양구 서삼릉길 281 (원당동, 농협대학)",,10292,,www.nonghyup.ac.kr,031-960-4000,031-960-4333,23008,2024,45665,B340014,한국대학교육협의회
대경대학교,Daekyeung College,본교,전문대학,전문대학,사립,47,경상북도,"경상북도 경산시 자인면 단북1길 65 (단북리, 대경대학)",,38547,,www.tk.ac.kr,053-850-1000,053-850-1214,33949,2024,45665,B340014,한국대학교육협의회
대구공업대학교,Daegutechnical University,본교,전문대학,전문대학,사립,27,대구광역시,"대구광역시 달서구 송현로 205 (본동, 대구공업대학)",,42734,,www.ttc.ac.kr,053-560-3700,053-527-0506,27839,2024,45665,B340014,한국대학교육협의회
국립금오공과대학교,Kumoh National Institute Of Technology,본교,대학,대학교,국립,47,경상북도,"경상북도 구미시 대학로 61 (양호동, 금오공과대학교)",,39177,,www.kumoh.ac.kr,054-478-7114,054-478-7100,29281,2024,45665,B340014,한국대학교육협의회
국립목포대학교,Mokpo National University,본교,대학,대학교,국립,46,전라남도,"전라남도 무안군 청계면 영산로 1666 (도림리, 목포대학교)",,58554,,www.mokpo.ac.kr,061-450-2114,061-452-4793,17106,2024,45665,B340014,한국대학교육협의회
국립목포해양대학교,Mokpo National Maritime University,본교,대학,대학교,국립,46,전라남도,"전라남도 목포시 해양대학로 91 (죽교동, 목포해양대학교)",,58628,,www.mmu.ac.kr,061-240-7114,061-242-5176,34029,2024,45665,B340014,한국대학교육협의회
국립부경대학교,Pukyong National University,본교,대학,대학교,국립,26,부산광역시,"부산광역시 남구 용소로 45 (대연동, 부경대학교대연캠퍼스)",,48513,,www.pknu.ac.kr,051-629-4114,051-629-5089,35252,2024,45665,B340014,한국대학교육협의회
국립순천대학교,Sunchon National University,본교,대학,대학교,국립,46,전라남도,"전라남도 순천시 중앙로 255 (석현동, 순천대학교)",,57922,,www.scnu.ac.kr/SCNU/main.do,061-750-3114,061-750-3117,30020,2024,45665,B340014,한국대학교육협의회
국립창원대학교,Changwon National University,본교,대학,대학교,국립,48,경상남도,"경상남도 창원시 의창구 창원대학로 20 (사림동, 창원대학교)",,51140,,www.changwon.ac.kr,055-213-2114,055-283-2970,25283,2024,45665,B340014,한국대학교육협의회
국립한국교통대학교,Korea National University Of Transportation,본교,대학,대학교,국립,43,충청북도,"충청북도 충주시 대소원면 대학로 50 (검단리, 한국교통대학교)",,27469,,www.ut.ac.kr,043-841-5002,043-853-1236,5205,2024,45665,B340014,한국대학교육협의회
국립한국해양대학교,Korea Maritime & Ocean University,본교,대학,대학교,국립,26,부산광역시,"부산광역시 영도구 태종로 727 (동삼동, 한국해양대학교)",,49112,,www.kmou.ac.kr,051-410-4114,051-405-2475,16746,2024,45665,B340014,한국대학교육협의회
국립한밭대학교,Hanbat National University,본교,대학,대학교,국립,30,대전광역시,"대전광역시 유성구 동서대로 125 (덕명동, 한밭대학교)",,34158,,www.hanbat.ac.kr,042-821-1114,042-825-5395,40969,2024,45665,B340014,한국대학교육협의회
국민대학교,Kookmin University,본교,대학,대학교,사립,11,서울특별시,"서울특별시 성북구 정릉로 77 (정릉동, 국민대학교)",,02707,,www.kookmin.ac.kr,02-910-4114,02-910-4169,17046,2024,45665,B340014,한국대학교육협의회
극동대학교,Far East University,본교,대학,대학교,사립,43,충청북도,"충청북도 음성군 감곡면 대학길 76-32 (왕장리, 극동대학교)",,27601,,www.kdu.ac.kr,043-879-3500,043-879-3519,35769,2024,45665,B340014,한국대학교육협의회
금강대학교,Geumgang University,본교,대학,대학교,사립,44,충청남도,"충청남도 논산시 상월면 상월로 522 (대명리, 금강대학교)",,32906,,www.ggu.ac.kr,041-731-3100,041-731-3109,37576,2024,45665,B340014,한국대학교육협의회
김천대학교,Gimcheon University,본교,대학,대학교,사립,47,경상북도,"경상북도 김천시 대학로 214 (삼락동, 김천대학교)",,39528,,www.gimcheon.ac.kr,054-420-4000,054-420-4003,40238,2024,45665,B340014,한국대학교육협의회
나사렛대학교,Korea Nazarene University,본교,대학,대학교,사립,44,충청남도,"충청남도 천안시 서북구 월봉로 48 (쌍용동, 나사렛대학교)",,31172,,www.kornu.ac.kr,041-570-7794,041-570-7725,19981,2024,45665,B340014,한국대학교육협의회
남부대학교,Nambu University,본교,대학,대학교,사립,29,광주광역시,광주광역시 광산구 남부대길 1 (월계동),,62271,,www.nambu.ac.kr,062-970-0001,062-972-6200,36231,2024,45665,B340014,한국대학교육협의회
남서울대학교,Namseoul University,본교,대학,대학교,사립,44,충청남도,"충청남도 천안시 서북구 성환읍 대학로 91 (매주리, 남서울대학교)",,31020,,www.nsu.ac.kr/,041-580-2000,041-582-2117,34438,2024,45665,B340014,한국대학교육협의회
남서울대학교(산업대),Namseoul University,본교,대학,산업대학,사립,44,충청남도,"충청남도 천안시 서북구 성환읍 대학로 91 (매주리, 남서울대학교)",,31020,,www.nsu.ac.kr,041-580-2513,041-584-2024,34438,2024,45665,B340014,한국대학교육협의회
단국대학교,Dankook University,본교,대학,대학교,사립,41,경기도,"경기도 용인시 수지구 죽전로 152 (죽전동, 단국대학교)",,16890,,www.dankook.ac.kr,1899-3700,031-8021-7106,17474,2024,45665,B340014,한국대학교육협의회
단국대학교,Dankook University,제2캠퍼,대학,대학교,사립,44,충청남도,"충청남도 천안시 동남구 단대로 119 (안서동, 단국대학교천안캠퍼스)",,31116,,www.dankook.ac.kr,1899-3700,031-8021-7106,28562,2024,45665,B340014,한국대학교육협의회
대구가톨릭대학교,Daegu Catholic University,본교,대학,대학교,사립,47,경상북도,"경상북도 경산시 하양읍 하양로 13-13 (금락리, 대구가톨릭대학교)",,38430,,www.cu.ac.kr,053-850-3114,053-359-7000,5388,2024,45665,B340014,한국대학교육협의회
대구경북과학기술원,DGIST,본교,대학,대학교,특별법법,27,대구광역시,대구광역시 달성군 현풍읍 테크노중앙대로 333,,42988,,www.dgist.ac.kr,053-785-0114,053-785-1149,40604,2024,45665,B340014,한국대학교육협의회
대구교육대학교,Daegu National University Of Education,본교,대학,교육대학,국립,27,대구광역시,"대구광역시 남구 중앙대로 219 (대명동, 대구교육대학교)",,42411,,www.dnue.ac.kr,053-620-1202,053-651-5369,18347,2024,45665,B340014,한국대학교육협의회
대구대학교,Daegu University,본교,대학,대학교,사립,47,경상북도,"경상북도 경산시 진량읍 대구대로 201 (내리리, 대구대학교경산캠퍼스)",,38453,,www.daegu.ac.kr,053-850-5000,053-850-5009,20576,2024,45665,B340014,한국대학교육협의회
대구예술대학교,Daegu Arts University,본교,대학,대학교,사립,47,경상북도,"경상북도 칠곡군 가산면 다부거문1길 202 (다부리, 대구예술대학교)",,39851,,www.dgau.ac.kr,054-970-5311,054-973-5319,35410,2024,45665,B340014,한국대학교육협의회
대구외국어대학교,Daegu University Of Foreign Studies,본교,대학,대학교,사립,47,경상북도,"경상북도 경산시 남천면 남천로 730 (협석리, 대구외국어대학교)",,38695,,www.dufs.ac.kr,053-810-7000,053-811-0836,37681,2024,45665,B340014,한국대학교육협의회
대구한의대학교,Daegu Haany University,본교,대학,대학교,사립,47,경상북도,경상북도 경산시 한의대로 1(유곡동),,38610,,www.dhu.ac.kr,053-819-1000,053-819-1258,29584,2024,45665,B340014,한국대학교육협의회
대신대학교,Daeshin University,본교,대학,대학교,사립,47,경상북도,"경상북도 경산시 경청로222길 33 (백천동, 대신대학교)",,38649,,www.daeshin.ac.kr,053-810-0701,053-813-0006,35410,2024,45665,B340014,한국대학교육협의회
대전가톨릭대학교,Daejeoncatholicuniversity,본교,대학,대학교,사립,36,세종특별자치시,"세종특별자치시 전의면 가톨릭대학로 30 (신방리, 대전가톨릭대학교)",,30006,,www.dcatholic.ac.kr,044-861-7101,044-861-7106,34029,2024,45665,B340014,한국대학교육협의회
대전대학교,Daejeon University,본교,대학,대학교,사립,30,대전광역시,"대전광역시 동구 대학로 62 (용운동, 대전대학교)",,34520,,www.dju.ac.kr,042-280-2114,042-283-8808,29584,2024,45665,B340014,한국대학교육협의회
대전신학대학교,Daejeon Theological University,본교,대학,대학교,사립,30,대전광역시,"대전광역시 대덕구 한남로 41 (오정동, 대전신학대학교)",,34432,,www.daejeon.ac.kr,042-606-0114,042-621-0821,39873,2024,45665,B340014,한국대학교육협의회
대진대학교,Daejin University,본교,대학,대학교,사립,41,경기도,"경기도 포천시 호국로 1007 (선단동, 대진대학교)",,11159,,www.daejin.ac.kr,031-539-1114,031-539-1115,33557,2024,45665,B340014,한국대학교육협의회
덕성여자대학교,Duksung Women’S University,본교,대학,대학교,사립,11,서울특별시,"서울특별시 도봉구 삼양로144길 33 (쌍문동, 덕성여자대학교)",,01369,,www.duksung.ac.kr,02-901-8000,02-908-2251,18400,2024,45665,B340014,한국대학교육협의회
동국대학교,Dongguk University,본교,대학,대학교,사립,11,서울특별시,"서울특별시 중구 필동로1길 30 (장충동2가, 동국대학교)",,04620,,www.dongguk.edu,02-2260-3114,02-2277-1274,17065,2024,45665,B340014,한국대학교육협의회
동국대학교(WISE),Dongguk University,분교,대학,대학교,사립,47,경상북도,경상북도 경주시 동대로 123(석장동),,38066,,wise.dongguk.ac.kr,054-770-2844,054-770-2846,28775,2024,45665,B340014,한국대학교육협의회
동덕여자대학교,Dongduk Women’s University,본교,대학,대학교,사립,11,서울특별시,"서울특별시 성북구 화랑로13길 60 (하월곡동, 동덕여자대학교)",,02748,,www.dongduk.ac.kr,02-940-4000,02-940-4182,18410,2024,45665,B340014,한국대학교육협의회
동명대학교,Tongmyong University,본교,대학,대학교,사립,26,부산광역시,"부산광역시 남구 신선로 428 (용당동, 동명대학교)",,48520,,www.tu.ac.kr,051-629-1000,051-629-0619,38777,2024,45665,B340014,한국대학교육협의회
동서대학교,Dongseo University,본교,대학,대학교,사립,26,부산광역시,"부산광역시 사상구 주례로 47 (주례동, 동서대학교)",,47011,,www.dongseo.ac.kr,051-313-2001,051-313-1046,33665,2024,45665,B340014,한국대학교육협의회
동신대학교,Dongshinuniversity,본교,대학,대학교,사립,46,전라남도,전라남도 나주시 동신대길 67 (대호동),,58245,,www.dsu.ac.kr,061-330-3114,061-330-2909,31777,2024,45665,B340014,한국대학교육협의회
동아대학교,Dong-A University,본교,대학,대학교,사립,26,부산광역시,"부산광역시 사하구 낙동대로550번길 37 (하단동, 동아대학교)",,49315,,www.donga.ac.kr,051-200-6114,051-205-5788,17107,2024,45665,B340014,한국대학교육협의회
동양대학교,Dongyang University,본교,대학,대학교,사립,47,경상북도,"경상북도 영주시 풍기읍 동양대로 145 (산법리, 동양대학교)",,36040,,www.dyu.ac.kr,054-630-1114,054-636-8523,34394,2024,45665,B340014,한국대학교육협의회
동의대학교,Dong-Eui University,본교,대학,대학교,사립,26,부산광역시,"부산광역시 부산진구 엄광로 176 (가야동, 동의대학교)",,47340,,www.deu.ac.kr,051-890-1114,051-890-1234,28865,2024,45665,B340014,한국대학교육협의회
루터대학교,Luther University,본교,대학,대학교,사립,41,경기도,"경기도 용인시 기흥구 금화로82번길 20 (상갈동, 루터대학교)",,17072,,www.ltu.ac.kr,031-679-2300,031-283-1505,35769,2024,45665,B340014,한국대학교육협의회
명지대학교,Myongji University Natural Science Campus,본교,대학,대학교,사립,41,경기도,"경기도 용인시 처인구 명지로 116 (남동, 명지대학교용인캠퍼스)",,17058,,www.mju.ac.kr,1577-0020,031-332-2459,17783,2024,45665,B340014,한국대학교육협의회
명지대학교,Myongji University Social Science Campus,제2캠퍼,대학,대학교,사립,11,서울특별시,"서울특별시 서대문구 거북골로 34 (남가좌동, 명지대학교)",,03674,,www.mju.ac.kr,1577-0020,02-300-1556,17783,2024,45665,B340014,한국대학교육협의회
목원대학교,Mokwon University,본교,대학,대학교,사립,30,대전광역시,"대전광역시 서구 도안북로 88 (도안동, 목원대학교)",,35349,,www.mokwon.ac.kr,042-829-7114,042-825-5020,23755,2024,45665,B340014,한국대학교육협의회
목포가톨릭대학교,Mokpo Catholic University,본교,대학,대학교,사립,46,전라남도,"전라남도 목포시 영산로 697 (석현동, 목포가톨릭대학교)",,58607,,www.mcu.ac.kr,061-280-5102,061-280-5109,36511,2024,45665,B340014,한국대학교육협의회
배재대학교,Pai Chai University,본교,대학,대학교,사립,30,대전광역시,"대전광역시 서구 배재로 155-40 (도마동, 배재대학교)",,35345,,www.pcu.ac.kr,042-520-5114,042-533-7354,29584,2024,45665,B340014,한국대학교육협의회
백석대학교,Baekseok University,본교,대학,대학교,사립,44,충청남도,충청남도 천안시 동남구 백석대학로 1 (안서동),,31065,,www.bu.ac.kr,041-550-9114,041-550-9113,34394,2024,45665,B340014,한국대학교육협의회
부산가톨릭대학교,Catholic University Of Pusan,본교,대학,대학교,사립,26,부산광역시,"부산광역시 금정구 오륜대로 57 (부곡동, 부산가톨릭대학교)",,46252,,www.cup.ac.kr,051-515-5811,051-514-1576,33231,2024,45665,B340014,한국대학교육협의회
부산교육대학교,Busan National University Of Education,본교,대학,교육대학,국립,26,부산광역시,"부산광역시 연제구 교대로 24 (거제동, 부산교육대학교)",,47503,,www.bnue.ac.kr,051-500-7141,051-505-4908,17047,2024,45665,B340014,한국대학교육협의회
부산대학교,Pusan National University,본교,대학,대학교,국립,26,부산광역시,"부산광역시 금정구 부산대학로63번길 2 (장전동, 부산대학교)",,46241,,www.pusan.ac.kr,051-512-0311,051-512-3368,16937,2024,45665,B340014,한국대학교육협의회
부산외국어대학교,Busan University Of Foreign Studies,본교,대학,대학교,사립,26,부산광역시,"부산광역시 금정구 금샘로485번길 65 (남산동, 부산외국어대학교)",,46234,,www.bufs.ac.kr,051-509-5000,051-509-5005,30022,2024,45665,B340014,한국대학교육협의회
부산장신대학교,Busan Presbyterian University,본교,대학,대학교,사립,48,경상남도,경상남도 김해시 김해대로 1894-68 (구산동),,50883,,www.bpu.ac.kr,055-320-2500,055-339-1161,36859,2024,45665,B340014,한국대학교육협의회
삼육대학교,Sahmyook University,본교,대학,대학교,사립,11,서울특별시,"서울특별시 노원구 화랑로 815 (공릉동, 삼육대학교)",,01795,,www.syu.ac.kr,02-3399-3636,02-979-5318,22704,2024,45665,B340014,한국대학교육협의회
상명대학교,Sangmyung University (Seoul),본교,대학,대학교,사립,11,서울특별시,"서울특별시 종로구 홍지문2길 20 (홍지동, 상명대학교)",,03016,,www.smu.ac.kr,02-2287-5114,02-2287-0015,23755,2024,45665,B340014,한국대학교육협의회
상명대학교,Sangmyung University,제2캠퍼,대학,대학교,사립,44,충청남도,"충청남도 천안시 동남구 상명대길 31 (안서동, 상명대학교천안캠퍼스)",,31066,,www.smuc.ac.kr,041-550-5114,041-550-5032,30961,2024,45665,B340014,한국대학교육협의회
상지대학교,Sangji University,본교,대학,대학교,사립,51,강원특별자치도,강원특별자치도 원주시 상지대길 83 (우산동),,26339,,www.sangji.ac.kr,033-730-0114,033-745-2433,20250,2024,45665,B340014,한국대학교육협의회
서강대학교,Sogang University,본교,대학,대학교,사립,11,서울특별시,"서울특별시 마포구 백범로 35 (신수동, 서강대학교)",,04107,,www.sogang.ac.kr,02-705-8114,02-705-8112,22024,2024,45665,B340014,한국대학교육협의회
서경대학교,Seokyeong University,본교,대학,대학교,사립,11,서울특별시,"서울특별시 성북구 서경로 124 (정릉동, 서경대학교)",,02713,,www.skuniv.ac.kr,02-940-7114,02-919-0345,33848,2024,45665,B340014,한국대학교육협의회
서남대학교,Seonam University,본교,대학,대학교,사립,52,전북특별자치도,"전북특별자치도 남원시 춘향로 439 (광치동, 서남대학교)",,55724,,www.seonam.ac.kr,063-620-0031,063-620-0113,33297,2024,45665,B340014,한국대학교육협의회
서남대학교,Seonam University,제2캠퍼,대학,대학교,사립,44,충청남도,"충청남도 아산시 송악면 평촌길 7-111 (평촌리, 서남대학교)",,31556,,asan.seonam.ac.kr,063-620-0031,063-620-0113,37323,2024,45665,B340014,한국대학교육협의회
서울과학기술대학교,Seoul National University Of Science And Technology,본교,대학,대학교,국립,11,서울특별시,"서울특별시 노원구 공릉로 232 (공릉동, 서울과학기술대학교)",,01811,,www.seoultech.ac.kr,02-970-6114,02-970-6088,40969,2024,45665,B340014,한국대학교육협의회
서울교육대학교,Seoul National University Of Education,본교,대학,교육대학,국립,11,서울특별시,"서울특별시 서초구 서초중앙로 96 (서초동, 서울교육대학교)",,06639,,www.snue.ac.kr,02-3475-2114,02-581-7711,16944,2024,45665,B340014,한국대학교육협의회
서울기독대학교,Seoul Christian University,본교,대학,대학교,사립,11,서울특별시,"서울특별시 은평구 갈현로4길 26-2 (신사동, 서울기독대학교)",,03422,,www.scu.ac.kr,02-380-2500,02-380-2535,35769,2024,45665,B340014,한국대학교육협의회
서울대학교,Seoul National University,본교,대학,대학교,국립대법,11,서울특별시,"서울특별시 관악구 관악로 1 (신림동, 서울대학교)",,08826,,www.snu.ac.kr,02-880-5114,02-885-5272,17036,2024,45665,B340014,한국대학교육협의회
서울시립대학교,University Of Seoul,본교,대학,대학교,공립,11,서울특별시,"서울특별시 동대문구 서울시립대로 163 (전농동, 서울시립대학교)",,02504,,www.uos.ac.kr,02-6490-6114,02-6490-6439,6696,2024,45665,B340014,한국대학교육협의회
서울신학대학교,Seoul Theological University,본교,대학,대학교,사립,41,경기도,"경기도 부천시 소사구 호현로489번길 52 (소사본동, 서울신학대학교)",,14754,,www.stu.ac.kr,032-340-9114,032-349-9400,21607,2024,45665,B340014,한국대학교육협의회
서울여자대학교,Seoul Women’s University,본교,대학,대학교,사립,11,서울특별시,"서울특별시 노원구 화랑로 621 (공릉동, 서울여자대학교)",,01797,,www.swu.ac.kr,02-970-5114,02-3399-2843,22262,2024,45665,B340014,한국대학교육협의회
서울장신대학교,Seoul Jangsin University,본교,대학,대학교,사립,41,경기도,"경기도 광주시 경안로 145 (경안동, 서울장신대학교)",,12749,,www.sjs.ac.kr,031-799-9113,031-765-1232,31037,2024,45665,B340014,한국대학교육협의회
서울한영대학교,Seoul Hanyoung University,본교,대학,대학교,사립,11,서울특별시,서울특별시 구로구 경인로 290-42 (개봉동),,08274,,shyu.ac.kr,02-2669-2200,02-2669-2211,35380,2024,45665,B340014,한국대학교육협의회
서원대학교,Seowon University,본교,대학,대학교,사립,43,충청북도,"충청북도 청주시 서원구 무심서로 377-3 (모충동, 서원대학교)",,28674,,www.seowon.ac.kr,043-299-8114,043-283-8822,24906,2024,45665,B340014,한국대학교육협의회
선문대학교,Sun Moon University,본교,대학,대학교,사립,44,충청남도,"충청남도 아산시 탕정면 선문로221번길 70 (갈산리, 선문대학교)",,31460,,www.sunmoon.ac.kr,041-530-2114,041-541-7424,32940,2024,45665,B340014,한국대학교육협의회
성결대학교,Sungkyul University,본교,대학,대학교,사립,41,경기도,"경기도 안양시 만안구 성결대학로 53 (안양동, 성결대학교)",,14097,,www.sungkyul.ac.kr,031-467-8114,031-449-0529,23755,2024,45665,B340014,한국대학교육협의회
성공회대학교,Sungkonghoe University,본교,대학,대학교,사립,11,서울특별시,"서울특별시 구로구 연동로 320 (항동, 성공회대학교)",,08359,,www.skhu.ac.kr,02-2610-4114,02-2610-4248,33961,2024,45665,B340014,한국대학교육협의회
성균관대학교,Sungkyunkwan University,본교,대학,대학교,사립,11,서울특별시,"서울특별시 종로구 성균관로 25-2 (명륜3가, 성균관대학교)",,03063,,www.skku.edu,02-760-0114,02-760-1141,17070,2024,45665,B340014,한국대학교육협의회
성신여자대학교,Sungshin Women’S University,본교,대학,대학교,사립,11,서울특별시,"서울특별시 성북구 보문로34다길 2 (돈암동, 성신여자대학교)",,02844,,www.sungshin.ac.kr,02-920-7114,02-920-2018,23755,2024,45665,B340014,한국대학교육협의회
세명대학교,Semyung University,본교,대학,대학교,사립,43,충청북도,"충청북도 제천시 세명로 65 (신월동, 세명대학교)",,27136,,www.semyung.ac.kr,043-645-1125,043-644-2111,33205,2024,45665,B340014,한국대학교육협의회
세종대학교,Sejong University,본교,대학,대학교,사립,11,서울특별시,"서울특별시 광진구 능동로 209 (군자동, 세종대학교)",,05006,,www.sejong.ac.kr,02-3408-3114,02-3408-3906,28770,2024,45665,B340014,한국대학교육협의회
세한대학교,Sehan University,본교,대학,대학교,사립,46,전라남도,"전라남도 영암군 삼호읍 녹색로 1113 (산호리, 세한대학교)",,58447,,www.sehan.ac.kr,061-469-1114,061-462-2510,34403,2024,45665,B340014,한국대학교육협의회
송원대학교,Songwon University,본교,대학,대학교,사립,29,광주광역시,"광주광역시 남구 송암로 73 (송하동, 송원대학)",,61756,,www.songwon.ac.kr,062-360-5700,062-360-5756,40969,2024,45665,B340014,한국대학교육협의회
수원가톨릭대학교,Suwon Catholic University,본교,대학,대학교,사립,41,경기도,"경기도 화성시 봉담읍 왕림1길 67 (왕림리, 수원가톨릭대학교)",,18332,,www.suwoncatholic.ac.kr,031-290-8821,031-290-8899,30743,2024,45665,B340014,한국대학교육협의회
수원대학교,The University Of Suwon,본교,대학,대학교,사립,41,경기도,"경기도 화성시 봉담읍 와우안길 17 (와우리, 수원대학교)",,18323,,www.suwon.ac.kr,031-220-2114,02-745-8545,29946,2024,45665,B340014,한국대학교육협의회
숙명여자대학교,Sookmyung Women’S University,본교,대학,대학교,사립,11,서울특별시,"서울특별시 용산구 청파로47길 90 (청파동2가, 숙명여자대학교)",,04310,,www.sookmyung.ac.kr/,02-710-9114,02-2077-7481,14235,2024,45665,B340014,한국대학교육협의회
순복음총회신학교,Korea Christian College,본교,대학,각종학교(대학),사립,43,충청북도,충청북도 제천시 덕산면 도전로 320 (도전리),,27223,,www.kcc.ac.kr,043-645-5571,043-642-4530,40245,2024,45665,B340014,한국대학교육협의회
순천향대학교,Soonchunhyang University,본교,대학,대학교,사립,44,충청남도,"충청남도 아산시 신창면 순천향로 22 (읍내리, 순천향대학교)",,31538,,www.sch.ac.kr/,041-530-1114,041-542-4615,28550,2024,45665,B340014,한국대학교육협의회
숭실대학교,Soongsil University,본교,대학,대학교,사립,11,서울특별시,"서울특별시 동작구 상도로 369 (상도동, 숭실대학교)",,06978,,www.ssu.ac.kr,02-820-0114,02-828-7143,1897-10-10,2024,45665,B340014,한국대학교육협의회
신경주대학교,SinGyeongju University,본교,대학,대학교,사립,47,경상북도,"경상북도 경주시 태종로 188 (효현동, 경주대학교)",,38065,,www.gju.ac.kr,054-770-5114,054-748-2784,32123,2024,45665,B340014,한국대학교육협의회
신라대학교,Silla University,본교,대학,대학교,사립,26,부산광역시,"부산광역시 사상구 백양대로700번길 140 (괘법동, 신라대학교)",,46958,,www.silla.ac.kr,051-999-5000,051-999-5800,25564,2024,45665,B340014,한국대학교육협의회
신한대학교,Shinhan Unvirsity,본교,대학,대학교,사립,41,경기도,"경기도 동두천시 벌마들로40번길 30 (상패동, 신한대학교)",,11340,,www.shinhan.ac.kr/,031-870-2900,031-870-2939,41699,2024,45665,B340014,한국대학교육협의회
신한대학교,Shinhan University,제2캠퍼,대학,대학교,사립,41,경기도,"경기도 의정부시 호암로 95 (호원동, 신한대학교)",,11644,,www.shinhan.ac.kr/,031-870-3114,031-870-3327,41699,2024,45665,B340014,한국대학교육협의회
아신대학교,ACTS University,본교,대학,대학교,사립,41,경기도,경기도 양평군 옥천면 경강로 1276,,12508,,www.acts.ac.kr,031-770-7700,031-772-5479,29946,2024,45665,B340014,한국대학교육협의회
아주대학교,Ajou University,본교,대학,대학교,사립,41,경기도,"경기도 수원시 영통구 월드컵로 206 (원천동, 아주대학교)",,16499,,www.ajou.ac.kr,031-219-2114,031-213-5158,26738,2024,45665,B340014,한국대학교육협의회
안양대학교,Anyang University,본교,대학,대학교,사립,41,경기도,"경기도 안양시 만안구 삼덕로37번길 22 (안양동, 안양대학교)",,14028,,www.anyang.ac.kr/main/index.do,031-467-0700,031-467-0778,17793,2024,45665,B340014,한국대학교육협의회
안양대학교,Anyang University,제2캠퍼,대학,대학교,사립,28,인천광역시,"인천광역시 강화군 불은면 중앙로 602-14 (삼성리, 안양대학교강화캠퍼스)",,23038,,www.anyang.ac.kr/main/index.do,032-930-6000,032-930-6215,17793,2024,45665,B340014,한국대학교육협의회
연세대학교,Yonsei University,본교,대학,대학교,사립,11,서울특별시,"서울특별시 서대문구 연세로 50 (신촌동, 연세대학교)",,03722,,www.yonsei.ac.kr,1599-1885,02-2123-8608,20825,2024,45665,B340014,한국대학교육협의회
연세대학교(미래),Yonsei University MIRAE Campus,분교,대학,대학교,사립,51,강원특별자치도,강원특별자치도 원주시 흥업면 연세대길 1,,26493,,www.yonsei.ac.kr/wj,033-760-2114,033-762-4332,28487,2024,45665,B340014,한국대학교육협의회
영남대학교,Yeungnam University,본교,대학,대학교,사립,47,경상북도,"경상북도 경산시 대학로 280 (대동, 영남대학교)",,38541,,www.yu.ac.kr,053-810-2114,053-810-2016,24828,2024,45665,B340014,한국대학교육협의회
영남신학대학교,Youngnam Theological University & Seminary,본교,대학,대학교,사립,47,경상북도,"경상북도 경산시 진량읍 봉회1길 26 (봉회리, 영남신학대학교)",,38451,,www.ytus.ac.kr,053-850-0500,053-852-9815,34320,2024,45665,B340014,한국대학교육협의회
영산대학교(양산),Youngsan University,제2캠퍼,대학,대학교,사립,48,경상남도,경상남도 양산시 주남로 288 (주남동),,50510,,www.ysu.ac.kr,055-380-9114,055-366-4374,,2024,45665,B340014,한국대학교육협의회
영산대학교(해운대),Youngsan University,본교,대학,대학교,사립,26,부산광역시,부산광역시 해운대구 반송순환로 142 (반송동),,48015,,www.ysu.ac.kr,051-540-7000,051-543-9347,,2024,45665,B340014,한국대학교육협의회
영산선학대학교,Youngsan University Of Seon Studies,본교,대학,대학교,사립,46,전라남도,전라남도 영광군 백수읍 성지로 1357 (길용리),,57026,,www.youngsan.ac.kr,061-350-6015,061-350-6040,35492,2024,45665,B340014,한국대학교육협의회
예수대학교,Jesus University,본교,대학,대학교,사립,52,전북특별자치도,"전북특별자치도 전주시 완산구 서원로 383 (중화산동1가, 예수대학교)",,54989,,www.jesus.ac.kr,063-230-7700,063-286-2216,37681,2024,45665,B340014,한국대학교육협의회
예원예술대학교,Yewon Arts University,본교,대학,대학교,사립,52,전북특별자치도,"전북특별자치도 임실군 신평면 창인로 117 (창인리, 예원예술학교)",,55913,,www.yewon.ac.kr,063-640-7114,063-640-7773,36587,2024,45665,B340014,한국대학교육협의회
예원예술대학교,Yewon Arts University,제2캠퍼,대학,대학교,사립,41,경기도,경기도 양주시 은현면 예원대학로 56,,11429,,www.yewon.ac.kr,031-869-0526,031-859-8114,41699,2024,45665,B340014,한국대학교육협의회
용인대학교,Yong In University,본교,대학,대학교,사립,41,경기도,"경기도 용인시 처인구 용인대학로 134 (삼가동, 용인대학교)",,17092,,www.yongin.ac.kr,031-8020-3114,031-332-6479,19525,2024,45665,B340014,한국대학교육협의회
우석대학교,Woosuk University,본교,대학,대학교,사립,52,전북특별자치도,"전북특별자치도 완주군 삼례읍 삼례로 443 (후정리, 우석대학교)",,55338,,www.woosuk.ac.kr,063-290-1114,063-290-1044,28985,2024,45665,B340014,한국대학교육협의회
우송대학교,Woosong University,본교,대학,대학교,사립,30,대전광역시,"대전광역시 동구 동대전로 171 (자양동, 우송정보대학)",,34606,,www.wsu.ac.kr,042-630-9600,042-631-2346,34759,2024,45665,B340014,한국대학교육협의회
우송대학교(산업대),Woosong University,본교,대학,산업대학,사립,30,대전광역시,"대전광역시 동구 동대전로 171 (자양동, 우송정보대학)",,34606,,www.wsu.ac.kr,042-630-9652,042-631-2346,34759,2024,45665,B340014,한국대학교육협의회
울산과학기술원,Ulsan National Institute of Science and Technology,본교,대학,대학교,특별법법,31,울산광역시,"울산광역시 울주군 언양읍 유니스트길 50 (반연리, 울산과학기술원)",,44919,,www.unist.ac.kr,052-217-0114,052-217-1319,39874,2024,45665,B340014,한국대학교육협의회
울산대학교,University Of Ulsan,본교,대학,대학교,사립,31,울산광역시,"울산광역시 남구 대학로 93 (무거동, 울산대학교)",,44610,,www.ulsan.ac.kr,052-277-3101,052-277-1534,25643,2024,45665,B340014,한국대학교육협의회
원광대학교,Wonkwang University,본교,대학,대학교,사립,52,전북특별자치도,"전북특별자치도 익산시 익산대로 460 (신동, 원광대학교)",,54538,,www.wku.ac.kr,063-850-5114,063-850-6666,18876,2024,45665,B340014,한국대학교육협의회
위덕대학교,Uiduk University,본교,대학,대학교,사립,47,경상북도,"경상북도 경주시 강동면 동해대로 261 (유금리, 위덕대학교)",,38004,,www.uu.ac.kr,054-760-1096,054-760-1059,35049,2024,45665,B340014,한국대학교육협의회
유원대학교,U1 University,본교,대학,대학교,사립,43,충청북도,충청북도 영동군 영동읍 대학로 310,,29131,,www.U1.ac.kr,043-740-1114,043-740-1029,34320,2024,45665,B340014,한국대학교육협의회
을지대학교,Eulji University,본교,대학,대학교,사립,30,대전광역시,"대전광역시 중구 계룡로771번길 77 (목동, 을지대학교대전캠퍼스)",,34824,,www.eulji.ac.kr,1899-0001,042-259-1539,24552,2024,45665,B340014,한국대학교육협의회
을지대학교,Eulji University,제2캠퍼,대학,대학교,사립,41,경기도,"경기도 성남시 수정구 산성대로 553 (양지동, 을지대학교)",,13135,,www.eulji.ac.kr,031-740-7424,031-740-7469,24552,2024,45665,B340014,한국대학교육협의회
을지대학교,Eulji University,제3캠퍼,대학,대학교,사립,41,경기도,경기도 의정부시 동일로 712 (금오동),,11759,,www.eulji.ac.kr,031-951-3611,031-951-3912,43160,2024,45665,B340014,한국대학교육협의회
이화여자대학교,Ewha Womans University,본교,대학,대학교,사립,11,서울특별시,"서울특별시 서대문구 이화여대길 52 (대현동, 이화여자대학교)",,03760,,www.ewha.ac.kr,02-3277-2114,02-3277-3301,17029,2024,45665,B340014,한국대학교육협의회
인제대학교,Inje University,본교,대학,대학교,사립,48,경상남도,"경상남도 김해시 인제로 197 (어방동, 인제대학교)",,50834,,www.inje.ac.kr,055-334-7111,055-334-0712,28867,2024,45665,B340014,한국대학교육협의회
인제대학교,Inje University,제2캠퍼,대학,대학교,사립,26,부산광역시,"부산광역시 부산진구 복지로 75 (개금동, 백병원)",,47392,,www.inje.ac.kr,051-894-3421,051-895-1864,28867,2024,45665,B340014,한국대학교육협의회
인천가톨릭대학교,Incheon Catholic University,본교,대학,대학교,사립,28,인천광역시,"인천광역시 강화군 양도면 고려왕릉로 53-1 (도장리, 인천가톨릭대학교)",,23058,,www.iccu.ac.kr,032-930-8000,032-937-8118,35125,2024,45665,B340014,한국대학교육협의회
인천가톨릭대학교,Incheon Catholic University,제2캠퍼,대학,대학교,사립,28,인천광역시,인천광역시 연수구 송도문화로120번길 20 (송도동),,21987,,www.iccu.ac.kr,032-830-7000,032-830-7025,40238,2024,45665,B340014,한국대학교육협의회
인천대학교,Incheon National University,본교,대학,대학교,국립대법,28,인천광역시,"인천광역시 연수구 아카데미로 119 (송도동, 인천대학교)",,22012,,www.inu.ac.kr/,032-835-8114,032-835-0713,28926,2024,45665,B340014,한국대학교육협의회
인하대학교,Inha University,본교,대학,대학교,사립,28,인천광역시,인천광역시 미추홀구 인하로 100(용현동),,22212,,www.inha.ac.kr,032-860-7114,032-863-1333,19838,2024,45665,B340014,한국대학교육협의회
장로회신학대학교,Presbyterian University & Theological Seminary,본교,대학,대학교,사립,11,서울특별시,"서울특별시 광진구 광장로5길 25-1 (광장동, 장로회신학대학교)",,04965,,www.puts.ac.kr,02-450-0700,02-452-3460,22314,2024,45665,B340014,한국대학교육협의회
전남대학교,Chonnam National University,본교,대학,대학교,국립,29,광주광역시,"광주광역시 북구 용봉로 45 (용봉동, 전남대학교)",,61186,,www.chonnam.ac.kr,062-530-5114,062-530-1189,18907,2024,45665,B340014,한국대학교육협의회
전남대학교,Chonnam National University,제2캠퍼,대학,대학교,국립,46,전라남도,"전라남도 여수시 대학로 50 (둔덕동, 전남대학교여수캠퍼스)",,59626,,www.chonnam.ac.kr,061-659-6114,061-659-7003,38777,2024,45665,B340014,한국대학교육협의회
전북대학교,Jeonbuk National University,본교,대학,대학교,국립,52,전북특별자치도,"전북특별자치도 전주시 덕진구 백제대로 567 (금암동, 전북대학교)",,54896,,www.jbnu.ac.kr,063-270-2114,063-276-0429,18907,2024,45665,B340014,한국대학교육협의회
전주교육대학교,Jeonju National University Of Education,본교,대학,교육대학,국립,52,전북특별자치도,전북특별자치도 전주시 완산구 서학로 50 (동서학동),,55101,,www.jnue.kr,063-281-7114,063-281-0102,23071,2024,45665,B340014,한국대학교육협의회
전주대학교,Jeonju University,본교,대학,대학교,사립,52,전북특별자치도,"전북특별자치도 전주시 완산구 천잠로 303 (효자동2가, 전주대학교)",,55069,,www.jj.ac.kr,1577-7177,063-220-2072,19484,2024,45665,B340014,한국대학교육협의회
정석대학,Jungseok Institute Of Technology,본교,대학,기술대학,사립,11,서울특별시,서울특별시 강서구 오정로 576 (공항동),,07505,,,02-2660-5392,02-2660-5394,36586,2024,45665,B340014,한국대학교육협의회
제주국제대학교,Jejuinternationaluniversity,본교,대학,대학교,사립,50,제주특별자치도,제주특별자치도 제주시 516로 2870 (영평동),,63309,,www.jeju.ac.kr,064-754-0215,064-702-8330,40969,2024,45665,B340014,한국대학교육협의회
제주대학교,Jeju National University,본교,대학,대학교,국립,50,제주특별자치도,"제주특별자치도 제주시 제주대학로 102 (아라일동, 제주대학교)",,63243,,www.jejunu.ac.kr,064-754-2114,064-755-8562,19141,2024,45665,B340014,한국대학교육협의회
조선대학교,Chosun University,본교,대학,대학교,사립,29,광주광역시,광주광역시 동구 조선대길 146(서석동),,61452,,www.chosun.ac.kr,062-230-7114,062-232-8834,17074,2024,45665,B340014,한국대학교육협의회
중부대학교,Joongbu University,본교,대학,대학교,사립,44,충청남도,"충청남도 금산군 추부면 대학로 201 (마전리, 중부대학교)",,32713,,www.joongbu.ac.kr,041-750-6500,041-750-6060,34029,2024,45665,B340014,한국대학교육협의회
중앙대학교,Chung-Ang University,본교,대학,대학교,사립,11,서울특별시,"서울특별시 동작구 흑석로 84 (흑석동, 중앙대학교)",,06974,,www.cau.ac.kr,02-820-5114,02-812-5384,6666,2024,45665,B340014,한국대학교육협의회
중앙대학교,Chung-Ang University,제2캠퍼,대학,대학교,사립,41,경기도,"경기도 안성시 대덕면 서동대로 4726 (내리, 중앙대학교)",,17546,,www.cau.ac.kr,031-670-3114,031-675-1390,6666,2024,45665,B340014,한국대학교육협의회
중앙승가대학교,Joong-Ang Sangha University,본교,대학,대학교,사립,41,경기도,경기도 김포시 승가로 123 (풍무동),,10118,,admission.sangha.ac.kr,031-980-7709,031-980-7778,28932,2024,45665,B340014,한국대학교육협의회
중원대학교,Jungwon University,본교,대학,대학교,사립,43,충청북도,"충청북도 괴산군 괴산읍 문무로 85 (동부리, 중원대학교)",,28024,,www.jwu.ac.kr,043-830-8114,043-830-8115,39874,2024,45665,B340014,한국대학교육협의회
진주교육대학교,Chinju National Uinversity Of Education,본교,대학,교육대학,국립,48,경상남도,"경상남도 진주시 진양호로369번길 3 (신안동, 진주교육대학교)",,52673,,www.cue.ac.kr,055-740-1114,055-745-8741,23012,2024,45665,B340014,한국대학교육협의회
진주산업대학교(산업대),Jinju National University,본교,대학,산업대학,국립,48,경상남도,"경상남도 진주시 동진로 33 (칠암동, 경남과학기술대학교)",,52725,,www.gntech.ac.kr,055-751-3114,055-752-9554,3773,2024,45665,B340014,한국대학교육협의회
차의과학대학교,CHA University,본교,대학,대학교,사립,41,경기도,"경기도 포천시 해룡로 120 (동교동, 포천중문의과대학)",,11160,,www.cha.ac.kr,1899-2010,031-543-2716,35410,2024,45665,B340014,한국대학교육협의회
창신대학교,Changshin University,본교,대학,대학교,사립,48,경상남도,"경상남도 창원시 마산회원구 팔용로 262 (합성동, 창신대학)",,51352,,www.cs.ac.kr,055-250-3001,055-297-5181,41337,2024,45665,B340014,한국대학교육협의회
청운대학교,Chungwoon University,본교,대학,산업대학,사립,44,충청남도,"충청남도 홍성군 홍성읍 대학길 25 (남장리, 청운대학교)",,32244,,www.chungwoon.ac.kr,041-630-3114,041-634-8700,34671,2024,45665,B340014,한국대학교육협의회
청주교육대학교,Chongjunationaluniversityofeducation,본교,대학,교육대학,국립,43,충청북도,"충청북도 청주시 서원구 청남로 2065 (수곡동, 청주교육대학교)",,28690,,www.cje.ac.kr,043-299-0632,043-299-0797,22694,2024,45665,B340014,한국대학교육협의회
청주대학교,Cheongju University,본교,대학,대학교,사립,43,충청북도,"충청북도 청주시 청원구 대성로 298 (내덕동, 청주대학교)",,28503,,www.cju.ac.kr,043-229-8114,043-229-8110,17324,2024,45665,B340014,한국대학교육협의회
초당대학교,Chodang University,본교,대학,대학교,사립,46,전라남도,"전라남도 무안군 무안읍 무안로 380 (성남리, 초당대학교)",,58530,,www.cdu.ac.kr,061-450-1036,061-450-1039,34400,2024,45665,B340014,한국대학교육협의회
총신대학교,Chongshin University,본교,대학,대학교,사립,11,서울특별시,"서울특별시 동작구 사당로 143 (사당동, 총신대학교)",,06988,,www.chongshin.ac.kr,02-3479-0200,02-593-6256,24625,2024,45665,B340014,한국대학교육협의회
추계예술대학교,Chugye University For The Arts,본교,대학,대학교,사립,11,서울특별시,"서울특별시 서대문구 북아현로11가길 7 (북아현동, 추계예술대학교)",,03762,,www.chugye.ac.kr,02-362-5700,02-362-4555,35410,2024,45665,B340014,한국대학교육협의회
춘천교육대학교,Chuncheon National University Of Education,본교,대학,교육대학,국립,51,강원특별자치도,강원특별자치도 춘천시 공지로 126 (석사동),,24328,,www.cnue.ac.kr,033-260-6000,033-260-6162,14336,2024,45665,B340014,한국대학교육협의회
충남대학교,Chungnam National University,본교,대학,대학교,국립,30,대전광역시,"대전광역시 유성구 대학로 99 (궁동, 충남대학교)",,34134,,www.cnu.ac.kr,042-821-5114,042-823-5875,19139,2024,45665,B340014,한국대학교육협의회
충북대학교,Chungbuk National University,본교,대학,대학교,국립,43,충청북도,"충청북도 청주시 서원구 충대로 1 (개신동, 충북대학교)",,28644,,www.chungbuk.ac.kr,043-261-2114,043-261-3333,18898,2024,45665,B340014,한국대학교육협의회
칼빈대학교,Calvin University,본교,대학,대학교,사립,41,경기도,"경기도 용인시 기흥구 마북로 184 (마북동, 칼빈대학교)",,16911,,www.calvin.ac.kr,031-284-4753,031-284-4588,35492,2024,45665,B340014,한국대학교육협의회
탐라대학교,Tamna University,본교,대학,대학교,사립,50,제주특별자치도,"제주특별자치도 서귀포시 1100로 506-1 (하원동, 탐라대학교)",,63553,,www.tnu.ac.kr,064-754-0215,064-702-8330,35769,2024,45665,B340014,한국대학교육협의회
평택대학교,Pyeongtaek University,본교,대학,대학교,사립,41,경기도,"경기도 평택시 서동대로 3825 (용이동, 평택대학교)",,17869,,www.ptu.ac.kr,031-659-8114,031-659-8011,33205,2024,45665,B340014,한국대학교육협의회
포항공과대학교,Pohang University Of Science And Technology (Postech),본교,대학,대학교,사립,47,경상북도,"경상북도 포항시 남구 청암로 77 (지곡동, 포항공과대학교)",,37673,,www.postech.ac.kr,054-279-0114,054-279-2099,31749,2024,45665,B340014,한국대학교육협의회
한경국립대학교,Hankyong National University,본교,대학,대학교,국립,41,경기도,"경기도 안성시 중앙로 327 (석정동, 한경대학교)",,17579,,www.hknu.ac.kr,031-670-5114,031-670-5469,40969,2024,45665,B340014,한국대학교육협의회
한국공학대학교,Tech University of Korea,본교,대학,대학교,사립,41,경기도,경기도 시흥시 산기대학로 237 (정왕동),,15073,,www.tukorea.ac.kr,031-8041-1000,031-8041-0009,40969,2024,45665,B340014,한국대학교육협의회
한국과학기술원,Korea Advanced Institute of Science and Technology(KAIST),본교,대학,대학교,특별법법,30,대전광역시,"대전광역시 유성구 대학로 291 (구성동, 한국과학기술원)",,34141,,www.kaist.ac.kr,042-350-2114,042-350-2210,25980,2024,45665,B340014,한국대학교육협의회
한국교원대학교,Korea National University Of Education,본교,대학,대학교,국립,43,충청북도,"충청북도 청주시 흥덕구 강내면 태성탑연로 250 (다락리, 한국교원대학교)",,28173,,www.knue.ac.kr,043-230-3114,043-233-2960,30756,2024,45665,B340014,한국대학교육협의회
한국기술교육대학교,Korea University of Technology and Education,본교,대학,대학교,사립,44,충청남도,"충청남도 천안시 동남구 병천면 충절로 1600 (가전리, 한국기술교육대학교)",,31253,,www.koreatech.ac.kr,041-560-1114,041-561-9504,33544,2024,45665,B340014,한국대학교육협의회
한국성서대학교,Korean Bible University,본교,대학,대학교,사립,11,서울특별시,"서울특별시 노원구 동일로214길 32 (상계동, 한국성서대학교)",,01757,,www.bible.ac.kr,02-950-5424,070-4275-0161,35410,2024,45665,B340014,한국대학교육협의회
한국에너지공과대학교,Korea institute of Energy Technology,본교,대학,대학교,특별법법,46,전라남도,전라남도 나주시 켄텍길 21(빛가람동),,58330,,www.kentech.ac.kr/,061-320-9551,061-320-9709,,2024,45665,B340014,한국대학교육협의회
한국예술종합학교,Korea National University Of Arts,본교,대학,각종학교(대학),특별법국,11,서울특별시,"서울특별시 성북구 화랑로32길 146-37 (석관동, 한국종합예술학교)",,02789,,Karts.ac.kr/,02-746-9067,02-746-9069,33907,2024,45665,B340014,한국대학교육협의회
한국외국어대학교,Hankuk University Of Foreign Studies,본교,대학,대학교,사립,11,서울특별시,"서울특별시 동대문구 이문로 107 (이문동, 한국외국어대학교)",,02450,,www.hufs.ac.kr,02-2173-2114,02-960-7898,19834,2024,45665,B340014,한국대학교육협의회
한국전통문화대학교,Korea National University Of Cultural Heritage,본교,대학,대학교,특별법국,44,충청남도,"충청남도 부여군 규암면 백제문로 367 (합정리, 한국전통문화대학교)",,33115,,www.knuh.ac.kr,041-830-7114,041-830-7020,36635,2024,45665,B340014,한국대학교육협의회
한국체육대학교,Korea National Sport University,본교,대학,대학교,국립,11,서울특별시,"서울특별시 송파구 양재대로 1239 (방이동, 한국체육대학교)",,05541,,www.knsu.ac.kr/,02-410-6700,02-418-1877,28124,2024,45665,B340014,한국대학교육협의회
한국침례신학대학교,Korea Baptist Theological University/Seminary,본교,대학,대학교,사립,30,대전광역시,"대전광역시 유성구 북유성대로 190 (하기동, 침례신학대학)",,34098,,www.kbtus.ac.kr,042-828-3114,042-825-1354,27020,2024,45665,B340014,한국대학교육협의회
한국항공대학교,Korea Aerospace University,본교,대학,대학교,사립,41,경기도,"경기도 고양시 덕양구 항공대학로 76 (화전동, 한국항공대학교)",,10540,,www.kau.ac.kr,02-300-0114,02-3158-5769,19161,2024,45665,B340014,한국대학교육협의회
한남대학교,Hannam University,본교,대학,대학교,사립,30,대전광역시,"대전광역시 대덕구 한남로 70 (오정동, 한남대학교)",,34430,,www.hannam.ac.kr,042-629-7114,042-629-5874,20527,2024,45665,B340014,한국대학교육협의회
한동대학교,Handong Global University,본교,대학,대학교,사립,47,경상북도,"경상북도 포항시 북구 흥해읍 한동로 558 (남송리, 한동대학교)",,37554,,www.handong.edu,054-260-1111,054-260-1149,34670,2024,45665,B340014,한국대학교육협의회
한라대학교,Halla University,본교,대학,대학교,사립,51,강원특별자치도,강원특별자치도 원주시 흥업면 한라대길 28,,26404,,www.halla.ac.kr,033-760-1114,033-762-6705,35490,2024,45665,B340014,한국대학교육협의회
한려대학교,Hanlyo University,본교,대학,대학교,사립,46,전라남도,"전라남도 광양시 광양읍 한려대길 94-13 (덕례리, 한려대학교)",,57764,,www.hanlyo.ac.kr,061-760-1111,061-761-6709,40603,2024,45665,B340014,한국대학교육협의회
한림대학교,Hallym University,본교,대학,대학교,사립,51,강원특별자치도,강원특별자치도 춘천시 한림대학길 1 (옥천동),,24252,,www.hallym.ac.kr,033-248-1000,033-248-3333,30011,2024,45665,B340014,한국대학교육협의회
한밭대학교(산업대),Hanbat National University,본교,대학,산업대학,국립,30,대전광역시,"대전광역시 유성구 동서대로 125 (덕명동, 한밭대학교)",,34158,,www.hanbat.ac.kr,042-821-1114,042-825-5395,10002,2024,45665,B340014,한국대학교육협의회
한북대학교,Hanbuk University,본교,대학,대학교,사립,41,경기도,"경기도 동두천시 벌마들로40번길 30 (상패동, 신한대학교)",,11340,,www.hanbuk.ac.kr,031-860-1300,031-860-1350,37916,2024,45665,B340014,한국대학교육협의회
한서대학교,Hanseo University,본교,대학,대학교,사립,44,충청남도,"충청남도 서산시 해미면 한서1로 46 (대곡리, 한서대학교)",,31962,,www.hanseo.ac.kr,041-660-1144,041-660-1149,33557,2024,45665,B340014,한국대학교육협의회
한성대학교,Hansung University,본교,대학,대학교,사립,11,서울특별시,"서울특별시 성북구 삼선교로16길 116 (삼선동2가, 한성대학교)",,02876,,www.hansung.ac.kr,02-760-4231,02-745-8943,26654,2024,45665,B340014,한국대학교육협의회
한세대학교,Hansei University,본교,대학,대학교,사립,41,경기도,경기도 군포시 한세로 30 (당정동),,15852,,www.hansei.ac.kr,031-450-5114,031-450-5124,19489,2024,45665,B340014,한국대학교육협의회
한신대학교,Hanshin University,본교,대학,대학교,사립,41,경기도,"경기도 오산시 한신대길 137 (양산동, 한신대학교)",,18101,,www.hs.ac.kr,031-379-0114,031-379-0039,14720,2024,45665,B340014,한국대학교육협의회
한양대학교,Hanyang University,본교,대학,대학교,사립,11,서울특별시,"서울특별시 성동구 왕십리로 222 (사근동, 한양대학교)",,04763,,www.hanyang.ac.kr,02-2220-0114,02-2220-0199,17715,2024,45665,B340014,한국대학교육협의회
한양대학교(ERICA),Hanyang University Erica Campus,분교,대학,대학교,사립,41,경기도,"경기도 안산시 상록구 한양대학로 55 (사동, 한양대학교)",,15588,,www.hanyang.ac.kr,031-400-5114,031-406-2809,28865,2024,45665,B340014,한국대학교육협의회
한일장신대학교,Haniluniv.&Presb.Theol.Sem.,본교,대학,대학교,사립,52,전북특별자치도,"전북특별자치도 완주군 상관면 왜목로 726-15 (신리, 한일장신대학교)",,55359,,www.hanil.ac.kr,063-230-5408,063-230-5679,34759,2024,45665,B340014,한국대학교육협의회
한중대학교,Hanzhong University,본교,대학,대학교,사립,51,강원특별자치도,"강원특별자치도 동해시 지양길 200 (지흥동, 한중대학교)",,25800,,www.HANZHONG.ac.kr,033-521-9900,033-521-9407,33572,2024,45665,B340014,한국대학교육협의회
협성대학교,Hyupsunguniversity,본교,대학,대학교,사립,41,경기도,"경기도 화성시 봉담읍 최루백로 72 (상리, 협성대학교)",,18330,,www.uhs.ac.kr,031-299-0900,031-227-3131,30379,2024,45665,B340014,한국대학교육협의회
호남대학교,Honam University,본교,대학,대학교,사립,29,광주광역시,"광주광역시 광산구 호남대길 120 (서봉동, 호남대학본부)",,62399,,www.honam.ac.kr,062-940-5000,062-940-5005,29798,2024,45665,B340014,한국대학교육협의회
호남신학대학교,Honam Theological University & Seminary,본교,대학,대학교,사립,29,광주광역시,"광주광역시 남구 제중로 77 (양림동, 호남신학대학교)",,61642,,www.htus.ac.kr,062-650-1552,062-675-1552,26345,2024,45665,B340014,한국대학교육협의회
호서대학교,Hoseo University,본교,대학,대학교,사립,44,충청남도,"충청남도 아산시 배방읍 호서로79번길 20 (세출리, 호서대학교)",,31499,,www.hoseo.ac.kr,041-540-5114,041-540-5159,29584,2024,45665,B340014,한국대학교육협의회
호원대학교,Howon University,본교,대학,산업대학,사립,52,전북특별자치도,"전북특별자치도 군산시 임피면 호원대3길 64 (월하리, 호원대학교)",,54058,,www.howon.ac.kr,063-450-7114,063-450-7777,28551,2024,45665,B340014,한국대학교육협의회
홍익대학교,Hongik University,본교,대학,대학교,사립,11,서울특별시,"서울특별시 마포구 와우산로 94 (상수동, 홍익대학교)",,04066,,www.hongik.ac.kr/,02-320-1114,02-320-1122,16917,2024,45665,B340014,한국대학교육협의회
홍익대학교,Hongik University,제2캠퍼,대학,대학교,사립,36,세종특별자치시,"세종특별자치시 조치원읍 세종로 2639 (신안리, 홍익대학교세종캠퍼스)",,30016,,www.hongik.ac.kr,044-860-2114,044-860-2238,16917,2024,45665,B340014,한국대학교육협의회
화성의과학대학교,HWASUNG MEDI-SCIENCE UNIVERSITY,본교,대학,대학교,사립,41,경기도,경기도 화성시 남양읍 남양중앙로 400-5,,18274,,www.hsmu.ac.kr/,031-369-9100,031-369-9116,38084,2024,45665,B340014,한국대학교육협의회
ICT폴리텍대학,ICT Polytech Institute of Korea,본교,전문대학,기능대학,사립,41,경기도,경기도 광주시 순암로 16-26 (역동),,12777,,www.ict.ac.kr,031-764-3301,031-762-3456,37600,2024,45665,B340014,한국대학교육협의회
가톨릭상지대학교,Catholic Sangji College,본교,전문대학,전문대학,사립,47,경상북도,"경상북도 안동시 상지길 45 (율세동, 가톨릭상지대학교)",,36686,,www.csj.ac.kr,054-851-3000,054-851-3100,25637,2024,45665,B340014,한국대학교육협의회
강동대학교,Gangdong University,본교,전문대학,전문대학,사립,43,충청북도,"충청북도 음성군 감곡면 대학길 278 (단평리, 강동대학교)",,27600,,www.gangdong.ac.kr,043-879-3300,043-879-3311,34398,2024,45665,B340014,한국대학교육협의회
강릉영동대학교,Gangneung Yeongdong University,본교,전문대학,전문대학,사립,51,강원특별자치도,강원특별자치도 강릉시 공제로 357 (홍제동),,25521,,www.gyu.ac.kr,033-610-0114,033-644-8809,30468,2024,45665,B340014,한국대학교육협의회
강원관광대학교,Kangwon Tourism College,본교,전문대학,전문대학,사립,51,강원특별자치도,강원특별자치도 태백시 대학길 97 (황지동),,26034,,www.kt.ac.kr,033-550-6133,033-553-4074,34655,2024,45665,B340014,한국대학교육협의회
강원도립대학교,Gangwon State University,본교,전문대학,전문대학,공립,51,강원특별자치도,강원특별자치도 강릉시 주문진읍 연주로 270,,25425,,www.gw.ac.kr,033-660-8000,033-660-8035,35871,2024,45665,B340014,한국대학교육협의회
거제대학교,Geoje University,본교,전문대학,전문대학,사립,48,경상남도,"경상남도 거제시 마전1길 91 (장승포동, 거제대학)",,53325,,www.koje.ac.kr,055-680-1504,055-680-1517,32843,2024,45665,B340014,한국대학교육협의회
경기과학기술대학교,Gyeonggi University Of Science And Technology,본교,전문대학,전문대학,사립,41,경기도,"경기도 시흥시 경기과기대로 269 (정왕동, 경기과학기술대학교)",,15073,,www.gtec.ac.kr,031-496-4532,031-496-9024,36127,2024,45665,B340014,한국대학교육협의회
가야대학교(고령),Kaya University,제2캠퍼,대학,대학교,사립,47,경상북도,"경상북도 고령군 대가야읍 대가야로 1103 (지산리, 가야대학교)",,40139,,WWW.KAYA.AC.KR,055-330-1000,055-331-0983,34041,2024,45665,B340014,한국대학교육협의회
가야대학교(김해),Kaya University,본교,대학,대학교,사립,48,경상남도,경상남도 김해시 삼계로 208 (삼계동),,50830,,WWW.KAYA.AC.KR,055-330-1000,055-330-1093,34041,2024,45665,B340014,한국대학교육협의회
가천대학교,Gachon University,본교,대학,대학교,사립,41,경기도,"경기도 성남시 수정구 성남대로 1342 (복정동, 가천대학교)",,13120,,www.gachon.ac.kr,031-750-5114,031-753-8828,40969,2024,45665,B340014,한국대학교육협의회
가톨릭관동대학교,Catholic Kwandong University,본교,대학,대학교,사립,51,강원특별자치도,강원특별자치도 강릉시 범일로579번길 24 (내곡동),,25601,,www.cku.ac.kr,033-649-7114,033-649-7874,20205,2024,45665,B340014,한국대학교육협의회
가톨릭꽃동네대학교,Catholic Kkottongnae University,본교,대학,대학교,사립,43,충청북도,"충청북도 청주시 서원구 현도면 상삼길 133 (상삼리, 꽃동네대학교)",,28211,,www.kkot.ac.kr,043-270-0109,043-270-0120,36129,2024,45665,B340014,한국대학교육협의회
가톨릭대학교,The Catholic University Of Korea,본교,대학,대학교,사립,41,경기도,"경기도 부천시 원미구 지봉로 43 (역곡동, 가톨릭대학교성심교정)",,14662,,www.catholic.ac.kr,02-2164-4114,02-2164-4111,34759,2024,45665,B340014,한국대학교육협의회
가톨릭대학교,The Catholic University Of Korea,제2캠퍼,대학,대학교,사립,11,서울특별시,"서울특별시 서초구 반포대로 222 (반포동, 가톨릭대학교성의교정)",,06591,,www.catholic.ac.kr,02-3147-8114,02-3147-8297,34759,2024,45665,B340014,한국대학교육협의회
가톨릭대학교,The Catholic University Of Korea,제3캠퍼,대학,대학교,사립,11,서울특별시,"서울특별시 종로구 창경궁로 296-12 (혜화동, 가톨릭대학교성신교정)",,03083,,www.catholic.ac.kr,02-740-9705,02-741-2801,34759,2024,45665,B340014,한국대학교육협의회
감리교신학대학교,Methodist Theological University,본교,대학,대학교,사립,11,서울특별시,"서울특별시 서대문구 독립문로 56 (냉천동, 감리교신학대학)",,03745,,www.mtu.ac.kr,02-361-9257,02-361-9006,1887-09-29,2024,45665,B340014,한국대학교육협의회
강남대학교,Kangnam University,본교,대학,대학교,사립,41,경기도,"경기도 용인시 기흥구 강남로 40 (구갈동, 강남대학교)",,16979,,www.kangnam.ac.kr,031-280-3500,031-280-3173,17757,2024,45665,B340014,한국대학교육협의회
강서대학교,GANGSEO UNIVERSITY,본교,대학,대학교,사립,11,서울특별시,"서울특별시 강서구 까치산로24길 47 (화곡동, 케이씨대학교)",,07661,,gangseo.ac.kr,02-2600-2400,02-2698-8876,21294,2024,45665,B340014,한국대학교육협의회
강원대학교,Kangwon National University,본교,대학,대학교,국립,51,강원특별자치도,강원특별자치도 춘천시 강원대학길 1 (효자동),,24341,,www.kangwon.ac.kr/,033-250-6114,033-251-9556,25628,2024,45665,B340014,한국대학교육협의회
강원대학교,Kangwon National University,제2캠퍼,대학,대학교,국립,51,강원특별자치도,강원특별자치도 삼척시 중앙로 346 (교동),,25913,,www.kangwon.ac.kr/,033-570-6114,033-572-8620,38777,2024,45665,B340014,한국대학교육협의회
건국대학교,Konkuk University,본교,대학,대학교,사립,11,서울특별시,"서울특별시 광진구 능동로 120 (화양동, 건국대학교)",,05029,,www.konkuk.ac.kr,02-450-3114,02-450-3179,11458,2024,45665,B340014,한국대학교육협의회
건국대학교(글로컬),Konkuk University,분교,대학,대학교,사립,43,충청북도,"충청북도 충주시 충원대로 268 (단월동, 건국대학교 글로컬캠퍼스)",,27478,,www.kku.ac.kr,043-840-3114,043-851-9356,29225,2024,45665,B340014,한국대학교육협의회
건양대학교,Konyang University,본교,대학,대학교,사립,44,충청남도,"충청남도 논산시 대학로 121 (내동, 건양대학교)",,32992,,www.konyang.ac.kr,041-730-5114,041-733-2070,33205,2024,45665,B340014,한국대학교육협의회
건양대학교,Konyang University,제2캠퍼,대학,대학교,사립,30,대전광역시,"대전광역시 서구 관저동로 158 (관저동, 건양대학교병원)",,35365,,www.konyang.ac.kr,041-730-5114,041-733-2070,33205,2024,45665,B340014,한국대학교육협의회
경기대학교,Kyonggi University,본교,대학,대학교,사립,41,경기도,"경기도 수원시 영통구 광교산로 154-42 (이의동, 경기대학교)",,16227,,www.kyonggi.ac.kr,031-249-9114,031-243-2194,17479,2024,45665,B340014,한국대학교육협의회
경기대학교,Kyonggi University,제2캠퍼,대학,대학교,사립,11,서울특별시,"서울특별시 서대문구 경기대로9길 24 (충정로2가, 경기대학교)",,03746,,www.kyonggi.ac.kr,02-390-5201,031-249-8718,17479,2024,45665,B340014,한국대학교육협의회
경남과학기술대학교,Gyeongnam National University Of Science And Technology,본교,대학,대학교,국립,48,경상남도,"경상남도 진주시 동진로 33 (칠암동, 경남과학기술대학교)",,52725,,www.gntech.ac.kr,055-751-3114,055-752-9554,3773,2024,45665,B340014,한국대학교육협의회
경남대학교,Kyungnam University,본교,대학,대학교,사립,48,경상남도,"경상남도 창원시 마산합포구 경남대학로 7 (월영동, 경남대학교)",,51767,,www.kyungnam.ac.kr,055-245-5000,055-246-6184,17163,2024,45665,B340014,한국대학교육협의회
경동대학교,Kyungdong University,본교,대학,대학교,사립,51,강원특별자치도,강원특별자치도 고성군 토성면 봉포4길 46,,24764,,www.kduniv.ac.kr,033-631-2000,033-631-9542,35490,2024,45665,B340014,한국대학교육협의회
경동대학교,Kyungdong University,제2캠퍼,대학,대학교,사립,51,강원특별자치도,강원특별자치도 속초시 도리원길 5 (노학동),,24865,,www.kduniv.ac.kr,033-632-6551,033-639-0518,41334,2024,45665,B340014,한국대학교육협의회
경동대학교,Kyungdong University,제3캠퍼,대학,대학교,사립,51,강원특별자치도,강원특별자치도 원주시 문막읍 견훤로 815,,26495,,www.kduniv.ac.kr,033-738-1200,033-738-1209,41334,2024,45665,B340014,한국대학교육협의회
경동대학교,Kyungdong University,제4캠퍼,대학,대학교,사립,41,경기도,경기도 양주시 경동대학로 27 (고암동),,11458,,www.kduniv.ac.kr,031-869-9900,031-869-9909,41699,2024,45665,B340014,한국대학교육협의회
경북대학교,Kyungpook National University,본교,대학,대학교,국립,27,대구광역시,"대구광역시 북구 대학로 80 (산격동, 경북대학교)",,41566,,www.knu.ac.kr,053-950-5114,053-950-2149,16950,2024,45665,B340014,한국대학교육협의회
경상국립대학교,Gyeongsang National University,본교,대학,대학교,국립,48,경상남도,경상남도 진주시 진주대로 501 (가좌동),,52828,,www.gnu.ac.kr,055-772-1114,055-772-0359,17759,2024,45665,B340014,한국대학교육협의회
경성대학교,Kyungsung University,본교,대학,대학교,사립,26,부산광역시,"부산광역시 남구 수영로 309 (대연동, 경성대학교)",,48434,,ks.ac.kr,051-663-4114,051-663-4089,23039,2024,45665,B340014,한국대학교육협의회
경운대학교,Kyungwoon University,본교,대학,대학교,사립,47,경상북도,"경상북도 구미시 산동면 강동로 730 (인덕리, 경운대학교)",,39160,,www.ikw.ac.kr,054-479-1114,054-479-1209,40969,2024,45665,B340014,한국대학교육협의회
경운대학교(산업대),Kyungwoon University,본교,대학,산업대학,사립,47,경상북도,"경상북도 구미시 산동면 강동로 730 (인덕리, 경운대학교)",,39160,,www.ikw.ac.kr,054-479-1114,054-479-1209,35490,2024,45665,B340014,한국대학교육협의회
경인교육대학교,Gyeongin National University Of Education,본교,대학,교육대학,국립,28,인천광역시,"인천광역시 계양구 계산로 62 (계산동, 경인교육대학교)",,21044,,www.ginue.ac.kr,032-540-1114,032-541-0580,22694,2024,45665,B340014,한국대학교육협의회
경인교육대학교,Gyeongin National University Of Education,제2캠퍼,대학,교육대학,국립,41,경기도,"경기도 안양시 만안구 삼막로 155 (석수동, 경인교육대학교)",,13910,,www.ginue.ac.kr,031-470-6114,031-470-6139,38412,2024,45665,B340014,한국대학교육협의회
경일대학교,Kyungil University,본교,대학,대학교,사립,47,경상북도,"경상북도 경산시 하양읍 가마실길 50 (부호리, 경일대학교)",,38428,,www.kiu.ac.kr,053-600-4000,053-600-4020,35410,2024,45665,B340014,한국대학교육협의회
경희대학교,Kyung Hee University,본교,대학,대학교,사립,11,서울특별시,"서울특별시 동대문구 경희대로 26 (회기동, 경희대학교)",,02447,,www.khu.ac.kr,02-961-0114,02-961-0930,18766,2024,45665,B340014,한국대학교육협의회
계명대학교,Keimyung University,본교,대학,대학교,사립,27,대구광역시,"대구광역시 달서구 달구벌대로 1095 (신당동, 계명대학교성서캠퍼스)",,42601,,www.kmu.ac.kr,053-580-5114,053-580-5454,19864,2024,45665,B340014,한국대학교육협의회
고려대학교,Korea University,본교,대학,대학교,사립,11,서울특별시,"서울특별시 성북구 안암로 145 (안암동5가, 고려대학교안암캠퍼스(인문사회계))",,02841,,www.korea.ac.kr,02-3290-1114,02-928-9102,1952,2024,45665,B340014,한국대학교육협의회
고려대학교(세종),Korea University Sejong Campus,분교,대학,대학교,사립,36,세종특별자치시,"세종특별자치시 조치원읍 세종로 2511 (서창리, 고려대학교세종캠퍼스)",,30019,,sejong.korea.ac.kr,044-860-1114,044-860-1048,29282,2024,45665,B340014,한국대학교육협의회
고신대학교,Kosin University,본교,대학,대학교,사립,26,부산광역시,"부산광역시 영도구 와치로 194 (동삼동, 고신대학교)",,49104,,www.kosin.ac.kr,051-990-2114,051-911-2525,17065,2024,45665,B340014,한국대학교육협의회
공주교육대학교,Gongju National University Of Education,본교,대학,교육대학,국립,44,충청남도,"충청남도 공주시 웅진로 27 (봉황동, 공주교육대학교)",,32553,,www.gjue.ac.kr,041-850-1377,041-850-1374,13971,2024,45665,B340014,한국대학교육협의회
광신대학교,Kwangshin University,본교,대학,대학교,사립,29,광주광역시,"광주광역시 북구 양산택지소로 36 (본촌동, 광신대학교)",,61027,,www.kwangshin.ac.kr,062-605-1004,062-571-7255,35410,2024,45665,B340014,한국대학교육협의회
광운대학교,Kwangwoon University,본교,대학,대학교,사립,11,서울특별시,"서울특별시 노원구 광운로 20 (월계동, 광운대학교)",,01897,,www.kw.ac.kr,02-940-5026,02-917-0896,12559,2024,45665,B340014,한국대학교육협의회
광주가톨릭대학교,Gwangju Catholic University,본교,대학,대학교,사립,46,전라남도,"전라남도 나주시 남평읍 중남길 12-25 (남석리, 광주가톨릭대학교)",,58230,,www.gjc.ac.kr,061-337-2181,061-337-2185,23755,2024,45665,B340014,한국대학교육협의회
광주과학기술원,Gwangju Institute Of Science And Technology,본교,대학,대학교,특별법법,29,광주광역시,"광주광역시 북구 첨단과기로 123 (오룡동, 광주과학기술원)",,61005,,www.gist.ac.kr,062-715-2114,062-715-2300,34290,2024,45665,B340014,한국대학교육협의회
광주교육대학교,Gwangju National University Of Education,본교,대학,교육대학,국립,29,광주광역시,"광주광역시 북구 필문대로 55 (풍향동, 광주교육대학교)",,61204,,www.gnue.ac.kr,062-520-4114,062-524-6022,23071,2024,45665,B340014,한국대학교육협의회
광주대학교,Gwangju University,본교,대학,대학교,사립,29,광주광역시,"광주광역시 남구 효덕로 277 (진월동, 광주대학교)",,61743,,www.gwangju.ac.kr,062-670-2114,062-674-0078,38047,2024,45665,B340014,한국대학교육협의회
광주여자대학교,Kwangju Women’S University,본교,대학,대학교,사립,29,광주광역시,광주광역시 광산구 광주여대길 40 (산정동),,62396,,www.kwu.ac.kr,062-956-2500,062-953-2218,35492,2024,45665,B340014,한국대학교육협의회
강릉원주대학교,Gangneung Wonju National University,본교,대학,대학교,국립,51,강원특별자치도,강원특별자치도 강릉시 죽헌길 7 (지변동),,25457,,www.gwnu.ac.kr,033-642-7001,033-643-7110,28915,2024,45665,B340014,한국대학교육협의회
강릉원주대학교,Gangneung Wonju National University,제2캠퍼,대학,대학교,국립,51,강원특별자치도,강원특별자치도 원주시 흥업면 남원로 150,,26403,,www.gwnu.ac.kr,033-760-8020,033-760-8029,39142,2024,45665,B340014,한국대학교육협의회
경국대학교,Gyeongguk National University,본교,대학,대학교,국립,47,경상북도,"경상북도 안동시 경동로 1375 (송천동, 안동대학교)",,36729,,www.andong.ac.kr/main/index.do,054-820-5114,054-820-7115,28926,2024,45665,B340014,한국대학교육협의회
공주대학교,Kongju National University,본교,대학,대학교,국립,44,충청남도,"충청남도 공주시 공주대학로 56 (신관동, 공주대학교)",,32588,,www.kongju.ac.kr,041-850-8114,041-850-8019,17745,2024,45665,B340014,한국대학교육협의회
군산대학교,Kunsan National University,본교,대학,대학교,국립,52,전북특별자치도,"전북특별자치도 군산시 대학로 558 (미룡동, 군산대학교)",,54150,,www.kunsan.ac.kr,063-469-4114,063-469-5334,28873,2024,45665,B340014,한국대학교육협의회
